Category,Title,Points,Difficulty,Solves,URL,Slug,Description
Introduction,Finding Flags,2,Easy,110604,https://cryptohack.org/challenges/introduction/,fflags,"Each challenge is designed to help introduce you to a new piece of cryptography. Solving a challenge will require you to find a ""flag"". These flags will usually be in the format crypto{y0ur_f1rst_fl4g"
Introduction,Great Snakes,3,Easy,93305,https://cryptohack.org/challenges/introduction/,nc-intro,"Modern cryptography involves code, and code involves coding. CryptoHack provides a good opportunity to sharpen your skills. Of all modern programming languages, Python 3 stands out as ideal for quickl"
Introduction,Network Attacks,5,Easy,33824,https://cryptohack.org/challenges/introduction/,nc-intro-2,"Several of the challenges are dynamic and require you to talk to our challenge servers over the network. This allows you to perform man-in-the-middle attacks on people trying to communicate, or direct"
General,ASCII,5,Easy,85903,https://cryptohack.org/challenges/general/,enc1,"ASCII is a 7-bit encoding standard which allows the representation of text using the integers 0-127. Using the below integer array, convert the numbers to their corresponding ASCII characters to obtai"
General,Hex,5,Easy,79911,https://cryptohack.org/challenges/general/,enc2,"When we encrypt something the resulting ciphertext commonly has bytes which are not printable ASCII characters. If we want to share our encrypted data, it's common to encode it into something more use"
General,Base64,10,Easy,72866,https://cryptohack.org/challenges/general/,enc3,"Another common encoding scheme is Base64, which allows us to represent binary data as an ASCII string using an alphabet of 64 characters. One character of a Base64 string encodes 6 binary digits (bits"
General,Bytes and Big Integers,10,Easy,60229,https://cryptohack.org/challenges/general/,enc4,"Cryptosystems like RSA works on numbers, but messages are made up of characters. How should we convert our messages into numbers so that mathematical operations can be applied? The most common way is "
General,Encoding Challenge,40,Medium,16064,https://cryptohack.org/challenges/general/,enc_interactive,"Now you've got the hang of the various encodings you'll be encountering, let's have a look at automating it. Can you pass all 100 levels to get the flag? The 13377.py file attached below is the source"
General,XOR Starter,10,Easy,52652,https://cryptohack.org/challenges/general/,xor0,"XOR is a bitwise operator which returns 0 if the bits are the same, and 1 otherwise. In textbooks the XOR operator is denoted by ⊕, but in most challenges and programming languages you will see the ca"
General,XOR Properties,15,Easy,44771,https://cryptohack.org/challenges/general/,xor1,"In the last challenge, you saw how XOR worked at the level of bits. In this one, we're going to cover the properties of the XOR operation and then use them to undo a chain of operations that have encr"
General,Favourite byte,20,Medium,42852,https://cryptohack.org/challenges/general/,xorkey0,"For the next few challenges, you'll use what you've just learned to solve some more XOR puzzles. I've hidden some data using XOR with a single byte, but that byte is a secret. Don't forget to decode f"
General,"You either know, XOR you don&#39;t",30,Medium,37826,https://cryptohack.org/challenges/general/,xorkey1,"I've encrypted the flag with my secret key, you'll never be able to guess it. Remember the flag format and how it might help you in this challenge! 0e0b213f26041e480b26217f27342e175d0e070a3c5b103e2526"
General,Lemur XOR,40,Medium,13199,https://cryptohack.org/challenges/general/,xorimg1,I've hidden two cool images by XOR with the same secret key so you can't see them! This challenge requires performing a visual XOR between the RGB bytes of the two images - not an XOR of all the data 
General,Greatest Common Divisor,15,Easy,36199,https://cryptohack.org/challenges/general/,gcd,"The Greatest Common Divisor (GCD), sometimes known as the highest common factor, is the largest number which divides two positive integers $(a,b)$. For $a = 12, b = 8$ we can calculate the divisors of"
General,Extended GCD,20,Medium,29935,https://cryptohack.org/challenges/general/,egcd,"Let $a$ and $b$ be positive integers. The extended Euclidean algorithm is an efficient way to find integers $u,v$ such that $a \cdot u + b \cdot v = \gcd(a,b)$ Later, when we learn to decrypt RSA ciph"
General,Modular Arithmetic 1,20,Medium,29556,https://cryptohack.org/challenges/general/,ma0,Imagine you lean over and look at a cryptographer's notebook. You see some notes in the margin: 4 + 9 = 1 5 - 7 = 10 2 + 3 = 5 At first you might think they've gone mad. Maybe this is why there are so
General,Modular Arithmetic 2,20,Medium,28017,https://cryptohack.org/challenges/general/,ma1,"We'll pick up from the last challenge and imagine we've picked a modulus $p$, and we will restrict ourselves to the case when $p$ is prime. The integers modulo $p$ define a field, denoted $\Fp$. If th"
General,Modular Inverting,25,Medium,26903,https://cryptohack.org/challenges/general/,mdiv,"As we've seen, we can work within a finite field $\Fp$, adding and multiplying elements, and always obtain another element of the field. For all elements $g$ in the field, there exists a unique intege"
General,Privacy-Enhanced Mail?,25,Medium,9678,https://cryptohack.org/challenges/general/,pem1,"As we've seen in the encoding section, cryptography involves dealing with data in a wide variety of formats: big integers, raw bytes, hex strings and more. A few structured formats have been standardi"
General,CERTainly not,30,Medium,8735,https://cryptohack.org/challenges/general/,certainly,"As mentioned in the previous challenge, PEM is just a nice wrapper above DER encoded ASN.1. In some cases you may come across DER files directly; for instance many Windows utilities prefer to work wit"
General,SSH Keys,35,Medium,6880,https://cryptohack.org/challenges/general/,ssh-keys,Secure Shell Protocol (SSH) is a network protocol that uses cryptography to establish a secure channel over an insecure network (i.e. the internet). SSH enables developers and system administrators to
General,Transparency,50,Hard,6936,https://cryptohack.org/challenges/general/,transparency,CryptoHack challenge in General (50 pts).
Mathematics,Quadratic Residues,25,Medium,21832,https://cryptohack.org/challenges/maths/,root0,"We've looked at multiplication and division in modular arithmetic, but what does it mean to take the square root modulo an integer? For the following discussion, let's work modulo $p = 29$. We can tak"
Mathematics,Legendre Symbol,35,Medium,17190,https://cryptohack.org/challenges/maths/,root1,"In Quadratic Residues we learnt what it means to take the square root modulo an integer. We also saw that taking a root isn't always possible. In the previous case when $p = 29$, even the simplest met"
Mathematics,Modular Square Root,35,Medium,14547,https://cryptohack.org/challenges/maths/,tonelli-shanks,In Legendre Symbol we introduced a fast way to determine whether a number is a square root modulo a prime. We can go further: there are algorithms for efficiently calculating such roots. The best one 
Mathematics,Chinese Remainder Theorem,40,Medium,14958,https://cryptohack.org/challenges/maths/,crt1,"The Chinese Remainder Theorem gives a unique solution to a set of linear congruences if their moduli are coprime. This means, that given a set of arbitrary integers $a^{i}$, and pairwise coprime integ"
Mathematics,Successive Powers,60,Hard,5065,https://cryptohack.org/challenges/maths/,powers,"The following integers: $\{588, 665, 216, 113, 642, 4, 836, 114, 851, 492, 819, 237\}$ are successive large powers of an integer $x$, modulo a three digit prime $p$. Find $p$ and $x$ to obtain the fla"
Mathematics,Adrien&#39;s Signs,80,Hard,11353,https://cryptohack.org/challenges/maths/,adrien,Adrien's been looking at ways to encrypt his messages with the help of symbols and minus signs. Can you find a way to recover the flag? Challenge files: - source.py - output.txt -->
Mathematics,Modular Binomials,80,Hard,9443,https://cryptohack.org/challenges/maths/,bionomials,"Rearrange the following equations to get the primes p,q $N = p \cdot q$ $c_1 = (2 \cdot p + 3 \cdot q)^{e_1} \mod N$ $c_2 = (5 \cdot p + 7 \cdot q)^{e_2} \mod N$ Challenge files: - data.txt -->"
Mathematics,Broken RSA,100,Insane,3098,https://cryptohack.org/challenges/maths/,broken-rsa,"I tried to send you an important message with RSA, however I messed up my RSA implementation really badly. Can you still recover the flag? If you think you're doing the right thing but getting garbage"
Mathematics,No Way Back Home,100,Insane,2005,https://cryptohack.org/challenges/maths/,no-way-back-home,"Quantum Computers are going to break some of the standard cryptosystems like RSA, ECC and others. We're in some trouble, so why don't we make our own Quantum-Safe Key Exchange Protocol? Challenge file"
Mathematics,Ellipse Curve Cryptography,125,Insane,1481,https://cryptohack.org/challenges/maths/,ellipse,"I overheard my professor talking about ellipse curve cryptography. I tried googling it, but didn't find anything so I implemented it myself. Challenge files: - source.py - output.txt -->"
Mathematics,Roll your Own,125,Insane,1257,https://cryptohack.org/challenges/maths/,roll_your_own,"Cracking discrete logarithms is hard. Change my mind. I'll even let you to use your own parameters, as long as the modulus is of the given order. Connect at socket.cryptohack.org 13403 Challenge files"
Mathematics,Unencryptable,125,Insane,1843,https://cryptohack.org/challenges/maths/,unencryptable,"I swear I knew what I was doing, but I encrypted some data on my hard drive and nothing happened? RSA is so confusing. Luckily my flag is safe, but it seems I have a lot more learning to do. Challenge"
Mathematics,Cofactor Cofantasy,150,Insane,1111,https://cryptohack.org/challenges/maths/,cofactor,Do you have the power to break out of my cofactor cofantasy? Calculating the solution should take less than 15 minutes. Connect at socket.cryptohack.org 13398 Challenge files: - 13398.py Challenge con
Mathematics,Real Eisenstein,150,Insane,1193,https://cryptohack.org/challenges/maths/,eisenstein,I've hidden my secret among the primes. Reducing the number back down to the flag shouldn't be possible! Challenge files: - real_eisenstein.py Challenge contributed by ariana -->
Mathematics,Prime and Prejudice,200,Insane,1213,https://cryptohack.org/challenges/maths/,prejudice,"You may look through my window and see my flag, but to maintain my modesty, only the first character is available. Connect at socket.cryptohack.org 13385 Challenge files: - 13385.py -->"
Diffie-Hellman,Working with Fields,10,Easy,10664,https://cryptohack.org/challenges/diffie-hellman/,dh-starter-1,"The set of integers modulo $N$, together with the operations of both addition and multiplication forms a ring $\mathbb{Z}/ N\mathbb{Z}$. Fundamentally, this means that adding or multiplying any two el"
Diffie-Hellman,Generators of Groups,20,Medium,9287,https://cryptohack.org/challenges/diffie-hellman/,dh-starter-2,"Every element of a finite field $\Fp$ can be used to make a subgroup $H$ under repeated action of multiplication. In other words, for an element $g$ the subgroup $H = \langle g \rangle = \{g, g^2, g^3"
Diffie-Hellman,Computing Public Values,25,Medium,9344,https://cryptohack.org/challenges/diffie-hellman/,dh-starter-3,"The Diffie-Hellman protocol is used because the discrete logarithm is assumed to be a ""hard"" computation for carefully chosen groups. The first step of the protocol is to establish a prime $p$ and som"
Diffie-Hellman,Computing Shared Secrets,30,Medium,8963,https://cryptohack.org/challenges/diffie-hellman/,dh-starter-4,"Now it's time to calculate a shared secret using data received from your friend Alice. Like before, we will be using the NIST parameters: g: 2 p: 241031242692103258855207602219756607485695054850245994"
Diffie-Hellman,Deriving Symmetric Keys,40,Medium,8050,https://cryptohack.org/challenges/diffie-hellman/,dh-starter-5,Alice wants to send you her secret flag and asks you to generate a shared secret with her. She also tells you she will be using the NIST standard: g: 2 p: 241031242692103258855207602219756607485695054
Diffie-Hellman,Parameter Injection,60,Hard,6507,https://cryptohack.org/challenges/diffie-hellman/,parameter_injection,"You're in a position to not only intercept Alice and Bob's DH key exchange, but also rewrite their messages. Think about how you can play with the DH equation that they calculate, and therefore sidest"
Diffie-Hellman,Export-grade,100,Insane,5654,https://cryptohack.org/challenges/diffie-hellman/,export_grade,"Alice and Bob are using legacy codebases and need to negotiate parameters they both support. You've man-in-the-middled this negotiation step, and can passively observe thereafter. How are you going to"
Diffie-Hellman,Static Client,100,Insane,2596,https://cryptohack.org/challenges/diffie-hellman/,dh_static,You've just finished eavesdropping on a conversation between Alice and Bob. Now you have a chance to talk to Bob. What are you going to say? Connect at socket.cryptohack.org 13373 -->
Diffie-Hellman,Additive,70,Hard,2793,https://cryptohack.org/challenges/diffie-hellman/,dh_additive,"Alice and Bob decided to do their DHKE in an additive group rather than a multiplicative group. What could go wrong? Use the script from ""Deriving Symmetric Keys"" to decrypt the flag once you've recov"
Diffie-Hellman,Static Client 2,120,Insane,1910,https://cryptohack.org/challenges/diffie-hellman/,dh_static2,Bob got a bit more careful with the way he verifies parameters. He's still insisting on using the $p$ and $g$ values provided by his partner. Wonder if he missed anything? Connect at socket.cryptohack
Diffie-Hellman,Script Kiddie,70,Hard,2464,https://cryptohack.org/challenges/diffie-hellman/,scriptkiddie,Found this cool script on Github and I've been using it to keep my secrets from anyone listening in on the school wifi! Challenge files: - script.py - output.txt -->
Diffie-Hellman,The Matrix,75,Hard,1462,https://cryptohack.org/challenges/diffie-hellman/,matrix,"I must get out of here. I must get free, and in this mind is the key, my key! Challenge files: - the_matrix.sage - flag.enc Challenge contributed by jschnei -->"
Diffie-Hellman,The Matrix Reloaded,100,Insane,1025,https://cryptohack.org/challenges/diffie-hellman/,matrix_reloaded,"It's happening exactly as before... Well, not exactly. Challenge files: - matrix_reloaded.zip Challenge contributed by jschnei -->"
Diffie-Hellman,The Matrix Revolutions,125,Insane,833,https://cryptohack.org/challenges/diffie-hellman/,matrix_revolutions,"Everything that has a beginning has an end, Neo. Challenge files: - matrix_revolutions.zip Challenge contributed by jschnei -->"
RSA,Modular Exponentiation,10,Easy,19057,https://cryptohack.org/challenges/rsa/,rsa_starter_1,All operations in RSA involve modular exponentiation . Modular exponentiation is an operation that is used extensively in cryptography and is normally written like: $2^{10} \mod 17$ You can think of t
RSA,Public Keys,15,Easy,18232,https://cryptohack.org/challenges/rsa/,rsa_starter_2,"RSA encryption is modular exponentiation of a message with an exponent $e$ and a modulus $N$ which is normally a product of two primes: $N = p \cdot q$. Together, the exponent and modulus form an RSA "
RSA,Euler&#39;s Totient,20,Medium,17361,https://cryptohack.org/challenges/rsa/,rsa_starter_3,"RSA relies on the difficulty of the factorisation of the modulus N . If the prime factors can be deduced, then we can calculate the Euler totient of N and thus decrypt the ciphertext. Given $N = p \cd"
RSA,Private Keys,20,Medium,16518,https://cryptohack.org/challenges/rsa/,rsa_starter_4,"The private key $d$ is used to decrypt ciphertexts created with the corresponding public key (it's also used to ""sign"" a message but we'll get to that later). The private key is the secret piece of in"
RSA,RSA Decryption,20,Medium,15902,https://cryptohack.org/challenges/rsa/,rsa_starter_5,I've encrypted a secret number for your eyes only using your public key parameters: N = 882564595536224140639625987659416029426239230804614613279163 e = 65537 Use the private key that you found for th
RSA,RSA Signatures,25,Medium,12349,https://cryptohack.org/challenges/rsa/,rsa_starter_6,"How can you ensure that the person receiving your message knows that you wrote it? You've been asked out on a date, and you want to send a message telling them that you'd love to go, however a jealous"
RSA,Factoring,15,Easy,12250,https://cryptohack.org/challenges/rsa/,rsa_factoring,"So far we've been using the product of small primes for the modulus, but small primes aren't much good for RSA as they can be factorised using modern methods . What is a ""small prime""? There was an RS"
RSA,Inferius Prime,30,Medium,7897,https://cryptohack.org/challenges/rsa/,inferius,"Here is my super-strong RSA implementation, because it's 1600 bits strong it should be unbreakable... at least I think so! Challenge files: - inferius.py - output.txt -->"
RSA,Monoprime,30,Medium,11222,https://cryptohack.org/challenges/rsa/,monoprime,Why is everyone so obsessed with multiplying two primes for RSA. Why not just use one? Challenge files: - output.txt Resources: - Why do we need in RSA the modulus to be product of 2 primes? -->
RSA,Square Eyes,35,Medium,7384,https://cryptohack.org/challenges/rsa/,square,"It was taking forever to get a 2048 bit prime, so I just generated one and used it twice. If you're stuck, look again at the formula for Euler's totient. Challenge files: - output.txt -->"
RSA,Manyprime,40,Medium,9870,https://cryptohack.org/challenges/rsa/,manyprime,"Using one prime factor was definitely a bad idea so I'll try using over 30 instead. If it's taking forever to factorise, read up on factorisation algorithms and make sure you're using one that's optim"
RSA,Salty,20,Medium,10087,https://cryptohack.org/challenges/rsa/,salty,"Smallest exponent should be fastest, right? Challenge files: - salty.py - output.txt -->"
RSA,Modulus Inutilis,50,Hard,9414,https://cryptohack.org/challenges/rsa/,modulus_inutilis,My primes should be more than large enough now! Challenge files: - modulus_inutilis.py - output.txt -->
RSA,Everything is Big,70,Hard,5460,https://cryptohack.org/challenges/rsa/,big,"We have a supercomputer at work, so I've made sure my encryption is secure by picking massive numbers! Challenge files: - source.py - output.txt -->"
RSA,Crossed Wires,100,Insane,4885,https://cryptohack.org/challenges/rsa/,wires,"I asked my friends to encrypt our secret flag before sending it to me, but instead of using my key, they've all used their own! Can you help? Challenge files: - source.py - output.txt Resources: - RSA"
RSA,Everything is Still Big,100,Insane,4140,https://cryptohack.org/challenges/rsa/,big2,"Okay so I got a bit carefree with my last script, but this time I've protected myself while keeping everything really big. Nothing will stop me and my supercomputer now! Challenge files: - source.py -"
RSA,Endless Emails,150,Insane,3513,https://cryptohack.org/challenges/rsa/,johan,Poor Johan has been answering emails all day and many of the students are asking the same question. Can you read his messages? Challenge files: - johan.py - output.txt Resources: - Twenty Years of Att
RSA,Infinite Descent,50,Hard,4263,https://cryptohack.org/challenges/rsa/,infinite_descent,"Finding large primes is slow, so I've devised an optimisation. Challenge files: - descent.py - output.txt -->"
RSA,Marin&#39;s Secrets,50,Hard,4145,https://cryptohack.org/challenges/rsa/,marin,I've found a super fast way to generate primes from my secret list. Challenge files: - marin.py - output.txt -->
RSA,Fast Primes,75,Hard,2822,https://cryptohack.org/challenges/rsa/,fast_primes,I need to produce millions of RSA keys quickly and the standard way just doesn't cut it. Here's yet another fast way to generate primes which has actually resisted years of review. Challenge files: - 
RSA,"Ron was Wrong, Whit is Right",90,Insane,2801,https://cryptohack.org/challenges/rsa/,ron_was_wrong,"Here's a bunch of RSA public keys I gathered from people on the net together with messages that they sent. As excerpt.py shows, everyone was using PKCS#1 OAEP to encrypt their own messages. It shouldn"
RSA,RSA Backdoor Viability,175,Insane,2140,https://cryptohack.org/challenges/rsa/,rsa_backdoor,"It seems like my method to generate fast primes was not completely secure. I came up with a new approach to improve security, including a factorization backdoor in case I ever lose my private key. You"
RSA,Bespoke Padding,100,Insane,1940,https://cryptohack.org/challenges/rsa/,bespoke,"Been cooking up my own padding scheme, now my encrypted flag is different everytime! Connect at socket.cryptohack.org 13386 Challenge files: - 13386.py -->"
RSA,Null or Never,100,Insane,2094,https://cryptohack.org/challenges/rsa/,null_padding,Can custom padding save one from some of the mistakes we already covered? Challenge files: - pad_encrypt.py - output.txt -->
RSA,Signing Server,60,Hard,2829,https://cryptohack.org/challenges/rsa/,signing_server,My boss has so many emails he's set up a server to just sign everything automatically. He also stores encrypted messages to himself for easy access. I wonder what he's been saying. Connect at socket.c
RSA,Let&#39;s Decrypt,80,Hard,2074,https://cryptohack.org/challenges/rsa/,lets_decrypt,"If you can prove you own CryptoHack.org, then you get access to one of our secrets. Connect at socket.cryptohack.org 13391 Challenge files: - 13391.py -->"
RSA,Blinding Light,120,Insane,2009,https://cryptohack.org/challenges/rsa/,rsa_blinding,"Here's my token signing and verification server. I'm not sure it's doing signing properly, but I've implemented some safeguards to ensure it won't hand out admin tokens to just anyone. Connect at sock"
RSA,Vote for Pedro,150,Insane,1714,https://cryptohack.org/challenges/rsa/,pedro,"If you want my flag, you better vote for Pedro! Can you sign your vote to the server as Alice? Connect at socket.cryptohack.org 13375 Challenge files: - 13375.py - alice.key -->"
RSA,Let&#39;s Decrypt Again,175,Insane,1185,https://cryptohack.org/challenges/rsa/,lets_decrypt_2,"Let's Decrypt was too easy, let's do it again! Connect at socket.cryptohack.org 13394 Challenge files: - 13394.py Challenge contributed by Robin_Jadoul and Thunderlord -->"
Block Ciphers (AES),Keyed Permutations,5,Easy,20922,https://cryptohack.org/challenges/aes/,aes0,"AES, like all good block ciphers, performs a ""keyed permutation"". This means that it maps every possible input block to a unique output block, with a key determining which permutation to perform. A ""b"
Block Ciphers (AES),Resisting Bruteforce,10,Easy,19252,https://cryptohack.org/challenges/aes/,aes1,"If a block cipher is secure, there should be no way for an attacker to distinguish the output of AES from a random permutation of bits. Furthermore, there should be no better way to undo the permutati"
Block Ciphers (AES),Structure of AES,15,Easy,15880,https://cryptohack.org/challenges/aes/,aes2,"To achieve a keyed permutation that is infeasible to invert without the key, AES applies a large number of ad-hoc mixing operations on the input. This is in stark contrast to public-key cryptosystems "
Block Ciphers (AES),Round Keys,20,Medium,14709,https://cryptohack.org/challenges/aes/,aes3,"We're going to skip over the finer details of the KeyExpansion phase for now. The main point is that it takes in our 16 byte key and produces 11 4x4 matrices called ""round keys"" derived from our initi"
Block Ciphers (AES),Confusion through Substitution,25,Medium,13336,https://cryptohack.org/challenges/aes/,aes4,The first step of each AES round is SubBytes . This involves taking each byte of the state matrix and substituting it for a different byte in a preset 16x16 lookup table. The lookup table is called a 
Block Ciphers (AES),Diffusion through Permutation,30,Medium,12198,https://cryptohack.org/challenges/aes/,aes5,"We've seen how S-box substitution provides confusion. The other crucial property described by Shannon is ""diffusion"". This relates to how every part of a cipher's input should spread to every part of "
Block Ciphers (AES),Bringing It All Together,50,Hard,10505,https://cryptohack.org/challenges/aes/,aes6,"Apart from the KeyExpansion phase, we've sketched out all the components of AES. We've shown how SubBytes provides confusion and ShiftRows and MixColumns provide diffusion, and how these two propertie"
Block Ciphers (AES),Modes of Operation Starter,15,Easy,11058,https://cryptohack.org/challenges/aes/,block_cipher_starter,"The previous set of challenges showed how AES performs a keyed permutation on a block of data. In practice, we need to encrypt messages much longer than a single block. A mode of operation describes h"
Block Ciphers (AES),Passwords as Keys,50,Hard,9508,https://cryptohack.org/challenges/aes/,passwords_as_keys,"It is essential that keys in symmetric-key algorithms are random bytes, instead of passwords or other predictable data. The random bytes should be generated using a cryptographically-secure pseudorand"
Block Ciphers (AES),ECB CBC WTF,55,Hard,8110,https://cryptohack.org/challenges/aes/,ecbcbcwtf,Here you can encrypt in CBC but only decrypt in ECB. That shouldn't be a weakness because they're different modes... right? Play at https://aes.cryptohack.org/ecbcbcwtf -->
Block Ciphers (AES),ECB Oracle,60,Hard,8126,https://cryptohack.org/challenges/aes/,ecb_oracle,"ECB is the most simple mode, with each plaintext block encrypted entirely independently. In this case, your input is prepended to the secret flag and encrypted and that's it. We don't even provide a d"
Block Ciphers (AES),Flipping Cookie,60,Hard,7338,https://cryptohack.org/challenges/aes/,flipping_cookie,"You can get a cookie for my website, but it won't help you read the flag... I think. Play at https://aes.cryptohack.org/flipping_cookie -->"
Block Ciphers (AES),Lazy CBC,60,Hard,4386,https://cryptohack.org/challenges/aes/,lazy_cbc,I'm just a lazy dev and want my CBC encryption to work. What's all this talk about initialisations vectors? Doesn't sound important. Play at https://aes.cryptohack.org/lazy_cbc -->
Block Ciphers (AES),Triple DES,60,Hard,3387,https://cryptohack.org/challenges/aes/,triple_des,"Data Encryption Standard was the forerunner to AES, and is still widely used in some slow-moving areas like the Payment Card Industry. This challenge demonstrates a strange weakness of DES which a sec"
Block Ciphers (AES),Symmetry,50,Hard,6515,https://cryptohack.org/challenges/aes/,symmetry,"Some block cipher modes, such as OFB, CTR, or CFB, turn a block cipher into a stream cipher. The idea behind stream ciphers is to produce a pseudorandom keystream which is then XORed with the plaintex"
Block Ciphers (AES),Bean Counter,60,Hard,6102,https://cryptohack.org/challenges/aes/,bean_counter,"I've struggled to get PyCrypto's counter mode doing what I want, so I've turned ECB mode into CTR myself. My counter can go both upwards and downwards to throw off cryptanalysts! There's no chance the"
Block Ciphers (AES),CTRIME,70,Hard,3089,https://cryptohack.org/challenges/aes/,ctrime,"There may be a lot of redundancy in our plaintext, so why not compress it first? Play at https://aes.cryptohack.org/ctrime -->"
Block Ciphers (AES),Logon Zero,80,Hard,2329,https://cryptohack.org/challenges/aes/,logon-zero,"Before using the network, you must authenticate to Active Directory using our timeworn CFB-8 logon protocol. Connect at socket.cryptohack.org 13399 Challenge files: - 13399.py Challenge contributed by"
Block Ciphers (AES),Stream of Consciousness,80,Hard,2635,https://cryptohack.org/challenges/aes/,stream_consciousness,Talk to me and hear a sentence from my encrypted stream of consciousness. Play at https://aes.cryptohack.org/stream_consciousness -->
Block Ciphers (AES),Dancing Queen,120,Insane,1750,https://cryptohack.org/challenges/aes/,dancing-queen,"I don't trust other developers so I made my own ChaCha20 implementation. In this way, I am sure you will never be able to read my flag! Challenge files: - chacha20.py - output.txt Challenge contribute"
Block Ciphers (AES),Oh SNAP,120,Insane,1500,https://cryptohack.org/challenges/aes/,oh_snap,"Here's the start of my fast network authentication protocol, so far I've only implemented the ""Ping"" command so there shouldn't be any way to recover the key. Play at https://aes.cryptohack.org/oh_sna"
Block Ciphers (AES),Pad Thai,80,Hard,1232,https://cryptohack.org/challenges/aes/,pad_thai,Sometimes the classic challenges can be the most delicious Connect at socket.cryptohack.org 13421 Challenge files: - 13421.py Challenge contributed by Eli Sohl -->
Block Ciphers (AES),"The Good, The Pad, The Ugly",100,Insane,968,https://cryptohack.org/challenges/aes/,good_pad_ugly,"The first twist of the classic challenge, how can you handle an oracle with errors? Connect at socket.cryptohack.org 13422 Challenge files: - 13422.py Challenge contributed by Eli Sohl -->"
Block Ciphers (AES),Oracular Spectacular,150,Insane,563,https://cryptohack.org/challenges/aes/,oracular_spectacular,This oracle lies! Can you still recover the message XOR are you going to have to give up? Connect at socket.cryptohack.org 13423 Challenge files: - 13423.py Challenge contributed by Eli Sohl -->
Block Ciphers (AES),Paper Plane,120,Insane,1376,https://cryptohack.org/challenges/aes/,paper_plane,I've found an authenticated encryption mode called Infinite Garble Extension where an error in a single bit will corrupt the rest of the ciphertext. Seems like a great way to protect chat messages fro
Block Ciphers (AES),Forbidden Fruit,150,Insane,1042,https://cryptohack.org/challenges/aes/,forbidden_fruit,"Galois Counter Mode (GCM) is the most widely used block cipher mode in TLS today. It's an ""authenticated encryption with associated data"" cipher mode ( AEAD ), yet not resistant to misuse. See here fo"
Block Ciphers (AES),Beatboxer,150,Insane,710,https://cryptohack.org/challenges/aes/,beatboxer,Welcome to my military grade encryption service! It's based on AES but with some tweaks to make it NSA-proof. Connect at socket.cryptohack.org 13406 Challenge files: - 13406.py Challenge contributed b
Elliptic Curves,Background Reading,5,Easy,7226,https://cryptohack.org/challenges/ecc/,bg,"Elliptic Curve Cryptography (ECC) is an asymmetric cryptographic protocol that, like RSA and Diffie-Hellman (DH), relies on a trapdoor function. To recap: trapdoor functions allow a client to keep dat"
Elliptic Curves,Point Negation,10,Easy,6291,https://cryptohack.org/challenges/ecc/,ecc0,"In the background section, we covered the basics of how we can view point addition over an elliptic curve as being an abelian group operation. In this geometric picture we allowed the coordinates on t"
Elliptic Curves,Point Addition,30,Medium,5601,https://cryptohack.org/challenges/ecc/,ecc1,"While working with elliptic curve cryptography, we will need to add points together. In the background challenges, we did this geometrically by finding a line that passed through two points, finding t"
Elliptic Curves,Scalar Multiplication,35,Medium,5101,https://cryptohack.org/challenges/ecc/,ecc2,"Scalar multiplication of two points is defined by repeated addition: $[3]P = P + P + P$. In the next few challenges, we will use scalar multiplication to create a shared secret over an insecure channe"
Elliptic Curves,Curves and Logs,40,Medium,4858,https://cryptohack.org/challenges/ecc/,ecc3,"The Elliptic Curve Discrete Logarithm Problem (ECDLP) is the problem of finding an integer $n$ such that $Q = [n]P$. Like we encountered with the discrete logarithm problem, scalar multiplication of a"
Elliptic Curves,Efficient Exchange,50,Hard,4399,https://cryptohack.org/challenges/ecc/,ecc4,Alice and Bob are looking at the Elliptic Curve Discrete Logarithm Problem and thinking about the data they send. They want to try and keep their data transfer as efficient as possible and realise tha
Elliptic Curves,Smooth Criminal,60,Hard,3019,https://cryptohack.org/challenges/ecc/,criminal,"Spent my morning reading up on ECC and now I'm ready to start encrypting my messages. Sent a flag to Bob today, but you'll never read it. Challenge files: - source.py - output.txt -->"
Elliptic Curves,Exceptional Curves,100,Insane,1567,https://cryptohack.org/challenges/ecc/,exceptional,Learning from my mistakes... This time I've ensured my curve is of prime order. This flag will be safe forever. Challenge files: - source.sage - output.txt -->
Elliptic Curves,Micro Transmissions,120,Insane,1180,https://cryptohack.org/challenges/ecc/,micro,Been fine tuning my bit lengths to ensure my data packages and calculation times are super efficient. Challenge files: - source.sage - output.txt -->
Elliptic Curves,Elliptic Nodes,150,Insane,1121,https://cryptohack.org/challenges/ecc/,node,"I've included an extra layer of security by picking my own curve parameters a,b and keeping them secret. Challenge files: - output.txt - source.py -->"
Elliptic Curves,Moving Problems,150,Insane,1906,https://cryptohack.org/challenges/ecc/,moving,"I've learnt that when life gives you lemons, if you look at things the right way they taste just like pairs. Challenge files: - source.sage - output.txt -->"
Elliptic Curves,A Twisted Mind,80,Hard,403,https://cryptohack.org/challenges/ecc/,twisted_mind,"I implemented the scalar multiplication from another challenge. It is secure enough, so you will never guess my private key! You are allowed to send *two* base points, and I give you *two minutes* to "
Elliptic Curves,An Exceptional Twisted Mind,125,Insane,301,https://cryptohack.org/challenges/ecc/,exceptional_twisted_mind,"For this last one, I chose a very secure elliptic curve. Finally, my private key is safe. You are allowed to send *one* base point, and you have *30 seconds* to find my private key. Connect at socket."
Elliptic Curves,Checkpoint,150,Insane,306,https://cryptohack.org/challenges/ecc/,checkpoint,"During an internal audit, you find a custom service performing ECDH key exchange to establish secure communications with clients. Can you exploit it? Depending on the speed of your computer, the solut"
Elliptic Curves,An Evil Twisted Mind,175,Insane,271,https://cryptohack.org/challenges/ecc/,evil_twisted_mind,"For more security, I made some changes on the curve parameters! This time, I am sure my private key cannot be found. You are allowed to send one base point, and you have one minute to find my private "
Elliptic Curves,Real Curve Crypto,200,Insane,412,https://cryptohack.org/challenges/ecc/,real_curves,"When developing a secure crypto system, the most important rule is to keep it real. Challenge files: - output.txt - source.py Challenge contributed by jschnei -->"
Elliptic Curves,Digestive,60,Hard,878,https://cryptohack.org/challenges/ecc/,digestive,Should ECDSA be avoided for better digestive health? Play at https://web.cryptohack.org/digestive -->
Elliptic Curves,Curveball,100,Insane,2206,https://cryptohack.org/challenges/ecc/,curveball,"Here's my secure search engine, which will only search for hosts it has in its trusted certificate cache. Connect at socket.cryptohack.org 13382 Challenge files: - 13382.py -->"
Elliptic Curves,ProSign 3,100,Insane,1870,https://cryptohack.org/challenges/ecc/,ps3,"This is my secure timestamp signing server. Only if you can produce a signature for ""unlock"" can you learn more. Connect at socket.cryptohack.org 13381 Challenge files: - 13381.py -->"
Elliptic Curves,"No Random, No Bias",120,Insane,775,https://cryptohack.org/challenges/ecc/,norandom,"Relying on randomness is bad with a bad entropy source, so I got rid of it and changed to a better signature generation method. Challenge files: - source.py - output.txt Challenge contributed by aloof"
Elliptic Curves,Edwards Goes Degenerate,100,Insane,692,https://cryptohack.org/challenges/ecc/,degenerate,I heard elliptic curves in Edwards form have nice and efficient point addition formulas that work with any points. Challenge files: - source.py - output.txt Challenge contributed by aloof -->
Elliptic Curves,Montgomery&#39;s Ladder,40,Medium,2341,https://cryptohack.org/challenges/ecc/,ladder,"This category is filled with insecure implementations of elliptic curve cryptography. Picking bad curves leads to broken protocols and fun puzzles, but private keys can be extracted from devices even "
Elliptic Curves,Double and Broken,50,Hard,811,https://cryptohack.org/challenges/ecc/,double_and_broken,We've managed to get power readings from scalar multiplication on the Secp256k1 curve. Can you recover the private key from the data dump from 50 repeated multiplications? Challenge files: - source_sn
Hash Functions,Jack&#39;s Birthday Hash,20,Medium,4581,https://cryptohack.org/challenges/hashes/,birthday1,"Today is Jack's birthday, so he has designed his own cryptographic hash as a way to celebrate. Reading up on the key components of hash functions, he's a little worried about the security of the JACK1"
Hash Functions,Jack&#39;s Birthday Confusion,30,Medium,3982,https://cryptohack.org/challenges/hashes/,birthday2,"The last computation has made Jack a little worried about the safety of his hash, and after doing some more research it seems there's a bigger problem. Given no other data of the JACK11 hash algorithm"
Hash Functions,Collider,50,Hard,3057,https://cryptohack.org/challenges/hashes/,collider,"Check out my document system about particle physics, where every document is uniquely referenced by hash. Connect at socket.cryptohack.org 13389 Challenge files: - 13389.py -->"
Hash Functions,Hash Stuffing,50,Hard,2065,https://cryptohack.org/challenges/hashes/,stuffing,"With all the attacks on MD5 and SHA1 floating around, we thought it was time to start rolling our own hash algorithm. We've set the block size to 256 bits, so I doubt anyone will find a collision. Con"
Hash Functions,PriMeD5,100,Insane,1518,https://cryptohack.org/challenges/hashes/,primed5,"Primality checking is expensive so I made a service that signs primes, allowing anyone to quickly check if a number is prime. The solution requires ~5 minutes to calculate on a commodity PC. Connect a"
Hash Functions,Twin Keys,100,Insane,931,https://cryptohack.org/challenges/hashes/,twinkeys,"Cryptohack's secure safe requires two keys to unlock its secret. However, Jack and Hyperreality can't remember the keys, only the start of one of them. Can you help find the lost keys to unlock the sa"
Hash Functions,No Difference,175,Insane,1084,https://cryptohack.org/challenges/hashes/,no_difference,"It's easy to come across a collision for MD5, but can you find one in my custom hash function? Connect at socket.cryptohack.org 13395 Challenge files: - 13395.py Challenge contributed by VincBreaker -"
Hash Functions,MD0,80,Hard,1754,https://cryptohack.org/challenges/hashes/,md0,"I've invented a nice simple version of HMAC authentication, hopefully it isn't vulnerable to the same problems as Merkle–Damgård construction hash functions... Connect at socket.cryptohack.org 13388 C"
Hash Functions,MDFlag,125,Insane,739,https://cryptohack.org/challenges/hashes/,mdflag,"MD0 had a serious weakness, here is a new improved MD5-based HMAC. Connect at socket.cryptohack.org 13407 Challenge files: - 13407.py Challenge contributed by giladk -->"
Hash Functions,Mixed Up,120,Insane,1112,https://cryptohack.org/challenges/hashes/,mixed_up,"Due to the properties of XOR and hash functions, it shouldn't be possible to unmix the flag... or is it? Connect at socket.cryptohack.org 13402 Challenge files: - 13402.py Challenge contributed by gil"
Hash Functions,Invariant,250,Insane,730,https://cryptohack.org/challenges/hashes/,invariant,It's said that you shouldn't roll your own hash function. But how easy is it to break one? Connect at socket.cryptohack.org 13393 Challenge files: - 13393.py Challenge contributed by Cryptanalyse -->
Hash Functions,Merkle Trees,25,Medium,933,https://cryptohack.org/challenges/hashes/,merkletrees,"A Merkle tree is a fundamental concept in computer science, particularly utilized within blockchain technology and cryptocurrencies to ensure data integrity and efficiency in verification processes. I"
Hash Functions,WOTS Up,75,Hard,805,https://cryptohack.org/challenges/hashes/,wots_up-ecsc_2023_norway2023,"With the need to find post-quantum schemes, hash-based signatures are cool again. Challenge originally featured in ECSC 2023 (Norway). Challenge files: - chal.py - data.json -->"
Hash Functions,WOTS Up 2,90,Insane,748,https://cryptohack.org/challenges/hashes/,wots_up_2-ecsc_2023_norway202,"I fixed the problem with my last scheme, now I can confidently sign my WOTScoin transactions.. Challenge originally featured in ECSC 2023 (Norway). Challenge files: - chal.py - data.json -->"
Crypto on the Web,Token Appreciation,5,Easy,6616,https://cryptohack.org/challenges/web/,token-appreciation,"JavaScript Object Signing and Encryption (JOSE) is a framework specifying ways to securely transmit information on the Internet. It's most well-known for JSON Web Tokens (JWTs), which are used to auth"
Crypto on the Web,JWT Sessions,10,Easy,5552,https://cryptohack.org/challenges/web/,jwt-sessions,"The traditional way to store sessions is with session ID cookies. After you login to a website, a session object is created for you on the backend (the server), and your browser (the client) is given "
Crypto on the Web,No Way JOSE,20,Medium,4531,https://cryptohack.org/challenges/web/,no-way-jose,"Let's look at JWT algorithms. The first part of a JWT is the JOSE header, and when you decode it, looks like this: {""typ"":""JWT"",""alg"":""HS256""} This tells the server it's a JWT and which algorithm to u"
Crypto on the Web,JWT Secrets,25,Medium,4124,https://cryptohack.org/challenges/web/,jwt-secrets,The most common signing algorithms used in JWTs are HS256 and RS256 . The first is a symmetric signing scheme using a HMAC with the SHA256 hash function. The second is an asymmetric signing scheme bas
Crypto on the Web,RSA or HMAC?,35,Medium,2675,https://cryptohack.org/challenges/web/,rsa-or-hmac,There's another issue caused by allowing attackers to specify their own algorithms but not carefully validating them. Attackers can mix and match the algorithms that are used to sign and verify data. 
Crypto on the Web,JSON in JSON,40,Medium,2776,https://cryptohack.org/challenges/web/,json-in-json,"We've explored how flawed verification can break the security of JWTs, but it can sometimes be possible to exploit the code to sign unexpected data in the first place. Play at https://web.cryptohack.o"
Crypto on the Web,RSA or HMAC? Part 2,100,Insane,1265,https://cryptohack.org/challenges/web/,rsa-or-hmac-2,"It is possible to abuse JWT public keys without the public key being public? This challenge takes RSA or HMAC one step further, and now both a deeper knowledge of RSA maths and data formatting is invo"
Crypto on the Web,Secure Protocols,5,Easy,2503,https://cryptohack.org/challenges/web/,secure-protocols,CryptoHack challenge in Crypto on the Web (5 pts).
Crypto on the Web,Sharks on the Wire,10,Easy,2025,https://cryptohack.org/challenges/web/,sharks-wire,The best way to understand a network protocol is to watch real traffic. For this challenge you'll use the incredible Wireshark tool to investigate a TLS connection. Wireshark is an open-source network
Crypto on the Web,TLS Handshake,15,Easy,1862,https://cryptohack.org/challenges/web/,tls-handshake,CryptoHack challenge in Crypto on the Web (15 pts).
Crypto on the Web,Saying Hello,20,Medium,1755,https://cryptohack.org/challenges/web/,saying-hello,CryptoHack challenge in Crypto on the Web (20 pts).
Crypto on the Web,Decrypting TLS 1.2,30,Medium,1313,https://cryptohack.org/challenges/web/,decrypting-tls12,"Let's rewind for a moment and talk about TLS 1.2, and why it has been superseded by TLS 1.3. Attached is a packet capture ""tls2.cryptohack.org.pcapng"" of a TLS 1.2 connection being made to tls2.crypto"
Crypto on the Web,Decrypting TLS 1.3,35,Medium,1246,https://cryptohack.org/challenges/web/,decrypting-tls13,"To recap, the TLS handshake can be split up into four main stages. Despite changes in TLS 1.3, these high-level stages remain: Client and server exchange capabilities, and agree upon connection parame"
Crypto on the Web,Authenticated Handshake,40,Medium,729,https://cryptohack.org/challenges/web/,authenticated-handshake,CryptoHack challenge in Crypto on the Web (40 pts).
Crypto on the Web,Megalomaniac 1,100,Insane,399,https://cryptohack.org/challenges/web/,mega1,"In June 2022, a team of researchers from the Applied Crypto Group at ETH Zurich discovered a few flaws in the E2E cryptographic architecture of MEGA. This series of challenges will put you in the shoe"
Crypto on the Web,Megalomaniac 2,120,Insane,283,https://cryptohack.org/challenges/web/,mega2,"In a realistic scenario, an evil server would want to be able to recover it with a minimal number of queries, good luck ;) Connect at socket.cryptohack.org 13409 Challenge files: - 13409.py Challenge "
Crypto on the Web,Megalomaniac 3,120,Insane,308,https://cryptohack.org/challenges/web/,mega3,Now it is about time to recover the actual data uploaded by a user! Connect at socket.cryptohack.org 13410 Challenge files: - 13410.py Challenge contributed by $in -->
Post-Quantum,Vectors,10,Easy,5660,https://cryptohack.org/challenges/post-quantum/,vectors,"Before defining a lattice or talking about how lattices appear in cryptography, let's review some of the basics of linear algebra. The following challenges should be considered as revision, if this is"
Post-Quantum,Size and Basis,15,Easy,5414,https://cryptohack.org/challenges/post-quantum/,basis,"We say a set of vectors $v_{1}, v_{2}, \ldots, v_{k} \in V$ are linearly independent if the only solution to the equation: $a_{1} \cdot v_{1} + a_{2} \cdot v_{2} + \ldots + a_{k} \cdot v_{k} = 0$ is f"
Post-Quantum,Gram Schmidt,30,Medium,4039,https://cryptohack.org/challenges/post-quantum/,gramschmidt,"In the last challenge we saw that there is a special kind of basis called an orthogonal basis. Given a basis $v_{1}, v_{2}, \ldots, v_{n} \in V$ for a vector space, the Gram-Schmidt algorithm calculat"
Post-Quantum,What&#39;s a Lattice?,40,Medium,4225,https://cryptohack.org/challenges/post-quantum/,lattices,"We're now ready to start talking about lattices. Given a set of linearly independent vectors $v_{1}, v_{2}, \ldots, v_{n} \in R^m$, the lattice $L$ generated by $v_{1}, v_{2}, \ldots, v_{n}$ is the se"
Post-Quantum,Gaussian Reduction,50,Hard,3753,https://cryptohack.org/challenges/post-quantum/,gauss,"If you look closely enough, lattices start appearing everywhere in cryptography. Sometimes they appear through manipulation of a crypto system, breaking parameters which were not generated securely en"
Post-Quantum,Find the Lattice,100,Insane,2433,https://cryptohack.org/challenges/post-quantum/,find,"As we've seen, lattices contain hard problems which can form trapdoor functions for cryptosystems. We also find that in cryptanalysis, lattices can break cryptographic protocols which seem at first to"
Post-Quantum,Backpack Cryptography,120,Insane,1615,https://cryptohack.org/challenges/post-quantum/,backpack,"I love this cryptosystem so much, I carry it everywhere in my backpack. To lighten the load, I make sure I don't pack anything with high densities. Challenge files: - source.py - output.txt Challenge "
Post-Quantum,LWE Background,5,Easy,1752,https://cryptohack.org/challenges/post-quantum/,lwe-background,"Before beginning this section you should have completed at least the ""Lattices"" section above. Throughout CryptoHack and especially in the RSA chapter, lattice reduction using LLL has proven to be a v"
Post-Quantum,LWE Intro,10,Easy,1396,https://cryptohack.org/challenges/post-quantum/,lwe-intro,CryptoHack challenge in Post-Quantum (10 pts).
Post-Quantum,LWE High Bits Message,15,Easy,1019,https://cryptohack.org/challenges/post-quantum/,lwe-high-bits,CryptoHack challenge in Post-Quantum (15 pts).
Post-Quantum,LWE Low Bits Message,20,Medium,946,https://cryptohack.org/challenges/post-quantum/,lwe-low-bits,CryptoHack challenge in Post-Quantum (20 pts).
Post-Quantum,From Private to Public Key LWE,25,Medium,1034,https://cryptohack.org/challenges/post-quantum/,lwe-private-public,"This can be turned into a public key cryptosystem by using the ""additively homomorphic"" property of LWE. That is, given an encryption $\langle A, b \rangle$ encrypting the number $m$, it is possible f"
Post-Quantum,Noise Free,40,Medium,797,https://cryptohack.org/challenges/post-quantum/,lwe-lsb-regev,The addition of the noise term is what makes learning into learning with errors. How well can you learn if you don't have to deal with errors? Connect at socket.cryptohack.org 13411 Challenge files: -
Post-Quantum,Bounded Noise,50,Hard,550,https://cryptohack.org/challenges/post-quantum/,lwe-bounded_noise,"I find implementing gaussian sampling to be hard and slow, so I prefer binary sampling Challenge files: - bounded_noise.sage - output.txt Challenge contributed by deuterium -->"
Post-Quantum,Nativity,60,Hard,529,https://cryptohack.org/challenges/post-quantum/,lwe-nativity,"LWE is easy, so I made my own implementation that works with native integers. Challenge files: - nativity.py - public_key.txt - ciphertexts.txt Challenge contributed by ireland and defund -->"
Post-Quantum,Missing Modulus,80,Hard,493,https://cryptohack.org/challenges/post-quantum/,lwe-missing-modulus,"I just created my first LWE cryptosystem, I hope I didn't forget anything important... Connect at socket.cryptohack.org 13412 Challenge files: - 13412.py Challenge contributed by ireland -->"
Post-Quantum,Noise Cheap,90,Insane,432,https://cryptohack.org/challenges/post-quantum/,lwe-noise-cheap,A core part of making LWE secure is having the noise terms be larger than what lattice reduction algorithms can handle. Connect at socket.cryptohack.org 13413 Challenge files: - 13413.py Challenge con
Post-Quantum,Too Many Errors,100,Insane,654,https://cryptohack.org/challenges/post-quantum/,toomany,"To protect my flag against quantum computers, I've used a quantum-safe Learning With Errors (LWE) distribution on Z_127 to encrypt it. The LWE sample generator is not quite finished though, sometimes "
Isogenies,Introduction to Isogenies,10,Easy,859,https://cryptohack.org/challenges/isogenies/,iso_introduction_chall,"Before beginning this section you should have attempted many of the challenges in the ""Elliptic Curves"" section and completed the starter challenges. Welcome to the isogeny section of cryptohack! Disc"
Isogenies,The j-invariant,20,Medium,762,https://cryptohack.org/challenges/isogenies/,j_invariant,"Much like in modular arithmetic, where many computations are only equal up to an equivalence modulo N, in isogeny based-cryptography, many computations are only equal up to isomorphism. For two partic"
Isogenies,Where&#39;s the Supersingular Curve,25,Medium,578,https://cryptohack.org/challenges/isogenies/,a_spot_super,"For the majority of this category (and all challenges at the time of writing) we are interested in computing isogenies between supersingular curves. Cryptographically, we are interested in supersingul"
Isogenies,Image Point Arithmetic,30,Medium,592,https://cryptohack.org/challenges/isogenies/,c_group_homomorphism,"As mentioned in the introduction, an isogeny is not only a rational map between curves, but also a map which preserves the group structure on these curves. This means that even if the isogeny $\phi : "
Isogenies,Montgomery Curves,30,Medium,523,https://cryptohack.org/challenges/isogenies/,b_compute_montgomery,"Here's an isogeny challenge which many of you may have already solved before. An isomorphism between elliptic curves is an isogeny of degree one, and a common isomorphism one might compute is mapping "
Isogenies,DLOG on the Surface,40,Medium,425,https://cryptohack.org/challenges/isogenies/,2d_dlog,"For the isogenies we compute together, we'll generally be computing the isogeny from a kernel generated by a single point. For an isogeny of degree n, we'll have a point of order $n$. For supersingula"
Isogenies,Two Isogenies,30,Medium,440,https://cryptohack.org/challenges/isogenies/,two_isogenies,It's time to compute our first two-isogeny! In this set of challenges we will work our way towards implementing (and then breaking!!) the supersingular isogeny Diffie-Hellman protocol (SIDH). Note: fo
Isogenies,Three Isogenies,35,Medium,428,https://cryptohack.org/challenges/isogenies/,three_isogenies,"This challenge is very similar to the previous one, only now the isogeny is going to be a three isogeny, and the kernel you will be given is generated by a point of order three. For the two-isogeny, w"
Isogenies,Composite Isogenies,60,Hard,408,https://cryptohack.org/challenges/isogenies/,comp_isogenies,"You may have noticed two things so far. One is that the algorithms you're using are linear in the degree of the isogeny (for a degree n-isogeny generated by a point of order n, we need to compute all "
Isogenies,SIDH Key Exchange,80,Hard,378,https://cryptohack.org/challenges/isogenies/,sidh_key_exchange,By this point you should be able to efficiently compute an isogeny of large smooth degree and compute the image of points through this isogeny. This is everything which you need to implement the SIDH 
Isogenies,Breaking SIDH,250,Insane,268,https://cryptohack.org/challenges/isogenies/,breaking_sidh,"The SIDH protocol is a great way to learn some of the machinery of isogeny-based cryptography, but in 2022 it was shown to be broken in polynomial time by a series of papers (the paper by Castryck and"
Isogenies,Special Isogenies,30,Medium,366,https://cryptohack.org/challenges/isogenies/,special_isogenies,"For the SIDH challenges, the torsion basis $E[n] = \langle P, Q \rangle$ had two generators and we could compute many kernel generators which were linearly independent. This meant for large n we had a"
Isogenies,Prime Power Isogenies,50,Hard,352,https://cryptohack.org/challenges/isogenies/,prime_power,"For SIDH, we used a prime of the form $p = 2^{e_A} \cdot 3^{e_B} - 1$ and we computed isogenies of degree $\ell^{e}$ by finding a point of order $\ell^{e}$ and using this as a generator. The character"
Isogenies,Secret Exponents,60,Hard,342,https://cryptohack.org/challenges/isogenies/,csidh_secret_exponents,"In the CSIDH key exchange, a private key is a list of integers as long as the number of odd primes dividing $(p+1)$. This data represents an exponent vector $[e_0, e_1, e_2, ..., e_k]$ which dictates "
Isogenies,Twisted CSIDH Isogenies,70,Hard,330,https://cryptohack.org/challenges/isogenies/,five_iso_csidh_twist,"In the challenge ""CSIDH prime power isogenies"" we explored the $\ell$-isogeny graphs for the curves we use in CSIDH and saw that they were cyclic. We were able to compute how many vertices there were "
Isogenies,CSIDH Key Exchange,90,Insane,316,https://cryptohack.org/challenges/isogenies/,csidh_key_exchange,"You are now ready to implement a full CSIDH key exchange! In the source file you are given a prime modulus, a starting curve $E_0$, an array of odd primes and two arrays of private keys with values be"
Isogenies,What&#39;s My Kernel,70,Hard,322,https://cryptohack.org/challenges/isogenies/,whats_my_kernel,"Here's my SIDH public key, can you solve the isogeny problem and recover the kernel? Challenge files: - source.sage - output.txt -->"
Isogenies,André Encoding,80,Hard,296,https://cryptohack.org/challenges/isogenies/,andre_encoding,"I've developed a novel encryption protocol, the only thing left is to look into compression Challenge files: - source.sage - output.txt -->"
Isogenies,Better than Linear,85,Insane,303,https://cryptohack.org/challenges/isogenies/,better_than_linear,"For isogenies of ""large"" prime degree, we can compute isogenies with a square-root speed up compared to Vélu's formula. Use this algorithm to compute an isogeny from the following domain and kernel ge"
Isogenies,Abelian SIDH,90,Insane,279,https://cryptohack.org/challenges/isogenies/,abelian_sidh,I found a way to do SIDH without sending torsion points! Challenge files: - source.sage - output.txt Challenge contributed by jo_k_er -->
Isogenies,Dual Masters,90,Insane,264,https://cryptohack.org/challenges/isogenies/,dual_masters,"In ""What's my Kernel"" maybe I gave you too much data... I think this new public key should be secure. Challenge files: - source.sage - output.txt Challenge contributed by jo_k_er -->"
Isogenies,Meet me in the Claw,120,Insane,251,https://cryptohack.org/challenges/isogenies/,meet_me_claw,Alice forgot to send me her torsion data! How am I going to compute the shared secret?? Challenge files: - source.sage -->
Isogenies,A True Genus,175,Insane,244,https://cryptohack.org/challenges/isogenies/,true_genus,If only Gauss were here... Challenge files: - source.sage - output.txt Challenge contributed by jo_k_er -->
Zero Knowledge,ZKP Introduction,5,Easy,1667,https://cryptohack.org/challenges/zkp/,zkpintro,A zero-knowledge proof (ZKP) is a technique that enables one party (the prover) to demonstrate to another party (the verifier) the truth of a certain statement without revealing any additional informa
Zero Knowledge,Proofs of Knowledge,20,Medium,877,https://cryptohack.org/challenges/zkp/,sigma-intro,"Zero knowledge proofs are a tool in modern cryptography which allows you to prove that you know some witness which satisfies a relation, without revealing what the witness is. This has applications ev"
Zero Knowledge,Special Soundness,25,Medium,789,https://cryptohack.org/challenges/zkp/,sigma-special-soundness,"The last challenge showed that this protocol satisfies (perfect) completeness! That is, if a prover and verifier follow the protocol on valid inputs, and the prover knows the real witness, the verifie"
Zero Knowledge,Honest Verifier Zero Knowledge,30,Medium,712,https://cryptohack.org/challenges/zkp/,sigma-shvzk,"The previous challenge showed that this protocol satisfies Special Soundness! That is, if P can convince V that he knows $w$ with non-negligible probability, then we are able to efficiently ""extract"" "
Zero Knowledge,Non-Interactive,35,Medium,666,https://cryptohack.org/challenges/zkp/,sigma-nizk,"We have now shown that the Schnorr protocol for proving knowledge of a discrete logarithm relation is a $\Sigma$-Protocol! We did this by showing that it has the correct 3 move pattern, and satisfies "
Zero Knowledge,Too Honest,50,Hard,618,https://cryptohack.org/challenges/zkp/,sigma-too-honest,"Recall that we only proved Schnorr's protocol to be SHVZK, and while this was enough to make maliciously secure NIZK's, this leaves the question of ""what could happen if V isn't honest?"" This challeng"
Zero Knowledge,OR Proof,75,Hard,482,https://cryptohack.org/challenges/zkp/,sigma-or-proof,"We have already seen how proving a protocol to be a $\Sigma$-Protocol essentially gives us a NIZK transformation for free. But it also opens up a wide range of results, constructions and tools from li"
Zero Knowledge,Hamiltonicity 1,100,Insane,354,https://cryptohack.org/challenges/zkp/,sigma-hamiltonicity,CryptoHack challenge in Zero Knowledge (100 pts).
Zero Knowledge,Hamiltonicity 2,175,Insane,235,https://cryptohack.org/challenges/zkp/,sigma-hamiltonicity2,In the last challenge we showed how not to do the Fiat-Shamir transform for a multi-round $\Sigma$-Protocol. This time we've been a little bit more careful and implemented iterated Fiat-Shamir hashing
Zero Knowledge,Fischlin Transform,180,Insane,251,https://cryptohack.org/challenges/zkp/,sigma-fischlin,"Recall the definition of ""Proof of Knowledge"" from the NIZK challenge. The notion of a ""Proof of Knowledge"" (as formalised by Bellare and Goldreich in '92) is as follows: If there exists an extractor,"
Zero Knowledge,Ticket Maestro,200,Insane,216,https://cryptohack.org/challenges/zkp/,snark-maestro,"We previously showed the existence of Zero Knowledge for all of NP, through the graph Hamiltonicity $\Sigma$-Protocol. However you may have noticed that a NIZK for proving knowledge of a Hamiltonian c"
Zero Knowledge,Pairing-Based Cryptography,50,Hard,349,https://cryptohack.org/challenges/zkp/,pairingbased,CryptoHack challenge in Zero Knowledge (50 pts).
Zero Knowledge,Mister Saplin&#39;s Preview,80,Hard,294,https://cryptohack.org/challenges/zkp/,mistersaplinspreview,"Mister Saplins has implemented a system to view some nodes and would like you to test it to see if it's robust. You should complete the ""Merkle Trees"" challenge in the ""Hashes"" category before playing"
Zero Knowledge,Couples,100,Insane,291,https://cryptohack.org/challenges/zkp/,couples,"Couples form, others separate, but in the end the only constant remains the bilinear mapping that unites... Connect at socket.cryptohack.org 13415 Challenge files: - 13415.py Challenge contributed by "
Zero Knowledge,Let&#39;s Prove It,120,Insane,265,https://cryptohack.org/challenges/zkp/,letsproveit,"I've been told that home implementation is never a good idea. But I followed the implementation steps to the letter, so what could go wrong? Connect at socket.cryptohack.org 13430 Challenge files: - 1"
Zero Knowledge,Mister Saplins The Prover,125,Insane,276,https://cryptohack.org/challenges/zkp/,mistersaplinstheprover,"Mister Saplins and proofs, that's 2. Connect at socket.cryptohack.org 13432 Challenge files: - 13432.py Challenge contributed by Ectario -->"
Zero Knowledge,Let&#39;s Prove It Again,175,Insane,263,https://cryptohack.org/challenges/zkp/,letsproveitagain,"Okay maybe last time I did it wrong, but this time I gave my project to my intern and he redid everything. Connect at socket.cryptohack.org 13431 Challenge files: - 13431.py Challenge contributed by E"
Miscellaneous,Gotta Go Fast,40,Medium,2338,https://cryptohack.org/challenges/misc/,gofast,"I won't have to worry about running out of entropy, I'm going to have my OTP generated forever with this new script! Connect at socket.cryptohack.org 13372 Challenge files: - 13372.py -->"
Miscellaneous,No Leaks,100,Insane,1767,https://cryptohack.org/challenges/misc/,noleaks,"Each time you connect, I generate a new one time pad. I also check for leaks, so there's no chance you can learn anything about my secrets! Connect at socket.cryptohack.org 13370 Challenge files: - 13"
Miscellaneous,Lo-Hi Card Game,120,Insane,960,https://cryptohack.org/challenges/misc/,lcg1,I'm opening a virtual casino and this is my first game. It's all luck-based and biased towards the house so I'll be a multi-millionaire in no time. Connect at socket.cryptohack.org 13383 Challenge fil
Miscellaneous,Nothing Up My Sleeve,150,Insane,591,https://cryptohack.org/challenges/misc/,roulette,"My first casino game was a big hit, but there was an issue with the RNG. Some players cheated and others thought it wasn't fair. This time I've picked a better RNG from a cryptographic standard, and I"
Miscellaneous,RSA vs RNG,150,Insane,555,https://cryptohack.org/challenges/misc/,rsa-vs-rng,Here's a new fast way I've found for generating RSA keys for smart cards. Challenge files: - rsa-vs-rng.py - flag.enc Challenge contributed by jschnei -->
Miscellaneous,Trust Games,150,Insane,482,https://cryptohack.org/challenges/misc/,lcg2,"Following the issues with our casino games, we're testing a stronger random number generator. Can you win our trust by finding an attack on our latest model? Connect at socket.cryptohack.org 13396 Cha"
Miscellaneous,L-Win,120,Insane,599,https://cryptohack.org/challenges/misc/,lwin,Can you recover the input for a simple Linear Feedback Shift Register with unknown taps? Challenge files: - lwin.py - output.txt Challenge contributed by Cryptanalyse -->
Miscellaneous,Jeff&#39;s LFSR,150,Insane,475,https://cryptohack.org/challenges/misc/,jeff,"Jeff heard that LFSRs used as stream ciphers aren't very secure, so he combined three LFSRs together. Foolproof, right? Challenge files: - jeff.py - output.txt Challenge contributed by Cryptanalyse --"
Miscellaneous,LFSR Destroyer,250,Insane,275,https://cryptohack.org/challenges/misc/,lfsr-destroyer,"You are well on your way to mastering LFSRs if you can crack this. Hurry, your time is limited! Connect at socket.cryptohack.org 13404 Challenge files: - 13404.py Challenge contributed by Cryptanalyse"
Miscellaneous,Bit by Bit,100,Insane,739,https://cryptohack.org/challenges/misc/,bit,"I heard ElGamal has some cool properties. I've encrypted every bit with a different secret, so you'll never recover my flag. Challenge files: - source.py - output.txt -->"
Miscellaneous,Armory,100,Insane,859,https://cryptohack.org/challenges/misc/,armory,Here's my improvement on Shamir's scheme with deterministically derived shares. Great for storing Bitcoin private keys and other secret data. You've only got the first share and you need 3 to unlock t
Miscellaneous,Toshi&#39;s Treasure,150,Insane,612,https://cryptohack.org/challenges/misc/,toshitreasure,"You are hyperreality and you are playing an online treasure hunt with your team mpeg, codecrafting, RichGirlOnLSD and pogo. There's one million dollars in a Bitcoin wallet - which nobody yet knows the"
Miscellaneous,Bruce Schneier&#39;s Password,100,Insane,767,https://cryptohack.org/challenges/misc/,schneierfact842,"https://www.schneierfacts.com/facts/842 The challenge server is running 64-bit Linux, which might explain if you are seeing different results locally. Connect at socket.cryptohack.org 13400 Challenge "
Miscellaneous,Bruce Schneier&#39;s Password: Part 2,250,Insane,315,https://cryptohack.org/challenges/misc/,schneierfact842_2,"Bruce Schneier's password was too easy to Bruce-force, so some Schneiertational complexity was added. Connect at socket.cryptohack.org 13401 Challenge files: - 13401.py Challenge contributed by esreve"
CTF Archive,Authentification 1 (Breizh CTF),10,Easy,116,https://cryptohack.org/challenges/ctf-archive/,authentification_1-breizh_ctf,"I secured my web application with AES-GCM implemented by the intern! Great idea, isn't it ? Challenge contributed by skilo Connect at archive.cryptohack.org 61277 Challenge files: - authentification-1"
CTF Archive,Authentification 2 (Breizh CTF),10,Easy,69,https://cryptohack.org/challenges/ctf-archive/,authentification_2-breizh_ctf,"Damn, I'd forgotten to check the integrity... Good thing the intern pointed it out to me, he really is perfect! 😁 Hint (released during the CTF) : there is an implementation error in the file gcm.py t"
CTF Archive,Do you have good eyes? (Breizh CTF),10,Easy,52,https://cryptohack.org/challenges/ctf-archive/,do_you_have_good_eyes-breizh,Can you tell the difference? Challenge contributed by skilo Connect at archive.cryptohack.org 43607 Challenge files: - do-you-have-good-eyes.zip -->
CTF Archive,U-turn (Breizh CTF),10,Easy,71,https://cryptohack.org/challenges/ctf-archive/,u-turn-breizh_ctf2025,"HaSh functIonS are one-way, right? Challenge contributed by skilo Challenge files: - u-turn.zip -->"
CTF Archive,Verilicious (Cyber Apocalypse 2025),10,Easy,52,https://cryptohack.org/challenges/ctf-archive/,verilicious-cyber_apocalypse,"A sacred ward, once thought unbreakable, is built upon a foundation of misplaced trust. The ancient order that devised it never foresaw the cracks in their own defenses. A true cipher-weaver, one with"
CTF Archive,Additional problems (CSC Belgium),10,Easy,63,https://cryptohack.org/challenges/ctf-archive/,additional_problems-csc_belgi,Version 1.0 of our new encryption service has just launched! It is blazingly fast and uses state-of-the-art encryption. Stay tuned for version 2.0; I hear it will bring tons of improvements and securi
CTF Archive,ECLCG (HITCON CTF),10,Easy,43,https://cryptohack.org/challenges/ctf-archive/,eclcg-hitcon_ctf2024,"LCG is fun, ECDSA is fun too, so why not combine them together? Challenge contributed by maple3142 Challenge files: - output.txt - chall.py -->"
CTF Archive,Fischlin&#39;s Transformation (CryptoHack),10,Easy,190,https://cryptohack.org/challenges/ctf-archive/,fischlins_transformation-cryp,Mirror of Challenge for the ZKP Section Challenge contributed by killerdog and oberon Connect at archive.cryptohack.org 3583 Challenge files: - chal.py - params.py - help.html -->
CTF Archive,Greatest Common Multiple (CODEGATE CTF),10,Easy,32,https://cryptohack.org/challenges/ctf-archive/,greatest_common_multiple-code,"""My boss 1nteger_c said we will come back with a better GCM challenge. I hereby present, the **Greatest Common Multiple**."" Challenge contributed by soon_haari Connect at archive.cryptohack.org 2762 C"
CTF Archive,Hamiltonicity (CryptoHack),10,Easy,297,https://cryptohack.org/challenges/ctf-archive/,hamiltonicity-cryptohack2024,Mirror of Challenge for the ZKP Section Challenge contributed by killerdog Connect at archive.cryptohack.org 14635 Challenge files: - hamiltonicity.py - chal.py - example.py -->
CTF Archive,Hamiltonicity 2 (CryptoHack),10,Easy,188,https://cryptohack.org/challenges/ctf-archive/,hamiltonicity_2-cryptohack202,Mirror of Challenge for the ZKP Section Challenge contributed by killerdog and Lance Roy Connect at archive.cryptohack.org 34597 Challenge files: - hamiltonicity.py - chal.py - example.py -->
CTF Archive,Hyper512 (HITCON CTF),10,Easy,33,https://cryptohack.org/challenges/ctf-archive/,hyper512-hitcon_ctf2024,"I don’t know how to design a secure stream cipher, but a large key space should be sufficient to block most attacks right? Challenge contributed by maple3142 Challenge files: - output.txt - chall.py -"
CTF Archive,OR Proof (CryptoHack),10,Easy,386,https://cryptohack.org/challenges/ctf-archive/,or_proof-cryptohack2024,Mirror of Challenge for the ZKP Section Challenge contributed by killerdog Connect at archive.cryptohack.org 11840 Challenge files: - chal.py - params.py -->
CTF Archive,OffTopic (ECSC 2024 (Italy)),10,Easy,35,https://cryptohack.org/challenges/ctf-archive/,offtopic-ecsc_2024_italy2024,Did you know that you only need FHE to build OT? _The timeout on the remote is 60 seconds._ Challenge contributed by Drago Connect at archive.cryptohack.org 40704 Challenge files: - offtopic.py -->
CTF Archive,One Round Crypto (ECSC 2024 (Italy)),10,Easy,31,https://cryptohack.org/challenges/ctf-archive/,one_round_crypto-ecsc_2024_it,It's just one round of encryption. How hard can it be? _The timeout on the remote is 300 seconds._ Challenge contributed by mr96 Connect at archive.cryptohack.org 62821 Challenge files: - one_round_cr
CTF Archive,Quo vadis? (ECSC 2024 (Italy)),10,Easy,30,https://cryptohack.org/challenges/ctf-archive/,quo_vadis-ecsc_2024_italy2024,"Do algebraic ducks go ""quo quo""? _The timeout on the remote is 600 seconds._ Challenge contributed by Robin_Jadoul Connect at archive.cryptohack.org 23128 Challenge files: - quo_vadis.sage -->"
CTF Archive,RSATogether (ECSC 2024 (Italy)),10,Easy,31,https://cryptohack.org/challenges/ctf-archive/,rsatogether-ecsc_2024_italy20,"RSA is cool, but I don't wanna do it alone. I found a way to do RSA together with my friends. _The timeout on the remote is 60 seconds._ Challenge contributed by Devrar Connect at archive.cryptohack.o"
CTF Archive,Smithing contest (ECSC 2024 (Italy)),10,Easy,31,https://cryptohack.org/challenges/ctf-archive/,smithing_contest-ecsc_2024_it,"Ok, so, I didn't read the part about this being a *cryptography* competition - my bad. Now it's too late to back out though, please help me figure this out! note: it is recommended to use sagemath-10."
CTF Archive,Ticket Maestro (CryptoHack),10,Easy,163,https://cryptohack.org/challenges/ctf-archive/,ticket_maestro-cryptohack2024,"Mirror of Challenge for the ZKP Section Challenge contributed by Mathias Hall-Andersen, zksecurity.xyz Connect at archive.cryptohack.org 26896 Challenge files: - main.rs - example.py - Cargo.toml - Do"
CTF Archive,Blind (ECSC 2023 (Norway)),10,Easy,66,https://cryptohack.org/challenges/ctf-archive/,blind-ecsc_2023_norway2023,"Is this what people mean by ""message blinding""? Challenge contributed by CryptoHack Challenge files: - output.txt - blind.sage -->"
CTF Archive,GLP420 (HackTM CTF),10,Easy,30,https://cryptohack.org/challenges/ctf-archive/,glp420-hacktm_ctf2023,"I have developed a variant of GLP, GLP420! Challenge contributed by y011d4 Connect at archive.cryptohack.org 26931 Challenge files: - server.sage -->"
CTF Archive,Hide and seek (ECSC 2023 (Norway)),10,Easy,86,https://cryptohack.org/challenges/ctf-archive/,hide_and_seek-ecsc_2023_norwa,I have hidden my flag among the elliptic curve points. Go seek! Challenge contributed by CryptoHack Challenge files: - output.txt - hide_and_seek.sage -->
CTF Archive,Irish flan (ECSC 2023 (Norway)),10,Easy,43,https://cryptohack.org/challenges/ctf-archive/,irish_flan-ecsc_2023_norway20,"Yum, time for dessert. Challenge contributed by CryptoHack Challenge files: - output.txt - irish_flan.py -->"
CTF Archive,Leet Universe (ImaginaryCTF (Daily)),10,Easy,52,https://cryptohack.org/challenges/ctf-archive/,leet_universe-imaginaryctf_da,The flag is hidden somewhere in the 1337th universe. Challenge contributed by maple3142 Connect at archive.cryptohack.org 3721 Challenge files: - server.py -->
CTF Archive,Put a ring on it (ECSC 2023 (Norway)),10,Easy,43,https://cryptohack.org/challenges/ctf-archive/,put_a_ring_on_it-ecsc_2023_no,Ring Signatures are used in some cryptocurrencies to provide anonymity for who has signed a transaction or sent money. Can you break the anonymity of the ring signatures? Challenge contributed by Cryp
CTF Archive,RRSSAA (ECSC 2023 (Norway)),10,Easy,141,https://cryptohack.org/challenges/ctf-archive/,rrssaa-ecsc_2023_norway2023,My primes are prefectly random. I wonder if you can find them. Challenge contributed by CryptoHack Challenge files: - output.txt - RRSSAA.py -->
CTF Archive,Share (HITCON CTF),10,Easy,36,https://cryptohack.org/challenges/ctf-archive/,share-hitcon_ctf2023,I hope I actually implemented Shamir Secret Sharing correctly this year. I am pretty sure you won't be able to guess my secret even when I give you all but one share. Challenge contributed by maple314
CTF Archive,Sus (ImaginaryCTF),10,Easy,46,https://cryptohack.org/challenges/ctf-archive/,sus-imaginaryctf2023,"Apparently, there is something weird happening with the prime generation. Challenge contributed by maple3142 Challenge files: - output.txt - challenge.py -->"
CTF Archive,Tough decisions (ECSC 2023 (Norway)),10,Easy,74,https://cryptohack.org/challenges/ctf-archive/,tough_decisions-ecsc_2023_nor,"Champagne for my real friends, real pain for my sham friends. Challenge contributed by CryptoHack Challenge files: - output.txt - tough_decisions.py -->"
CTF Archive,Twist and shout (ECSC 2023 (Norway)),10,Easy,69,https://cryptohack.org/challenges/ctf-archive/,twist_and_shout-ecsc_2023_nor,"I'll shout about my curve all day, it's totally secure. You'll have to pull the solution from my cold dead hands! Challenge contributed by CryptoHack Connect at archive.cryptohack.org 11718 Challenge "
CTF Archive,What a Curve! (Breizh CTF),10,Easy,39,https://cryptohack.org/challenges/ctf-archive/,what_a_curve-breizh_ctf2023,"Elliptic curves were originally studied for their beauty, then mathematics came. Challenge contributed by Shadowwws Connect at archive.cryptohack.org 39003 Challenge files: - chall.sage -->"
CTF Archive,broken oracle (HackTM CTF),10,Easy,37,https://cryptohack.org/challenges/ctf-archive/,broken_oracle-hacktm_ctf2023,"I have reimplemented a cryptosystem, but it sometimes behaves strangely. But I don't think it matters. Challenge contributed by y011d4 Connect at archive.cryptohack.org 56048 Challenge files: - server"
CTF Archive,d-phi-enc (HackTM CTF),10,Easy,157,https://cryptohack.org/challenges/ctf-archive/,d-phi-enc-hacktm_ctf2023,"In CTF, there are many people who mistakenly encrypt p, q in RSA. But this time... Challenge contributed by y011d4 Challenge files: - output.txt - chall.py -->"
CTF Archive,kaitenzushi (HackTM CTF),10,Easy,47,https://cryptohack.org/challenges/ctf-archive/,kaitenzushi-hacktm_ctf2023,also known as conveyor belt sushi Challenge contributed by y011d4 Challenge files: - chall.sage - output.txt -->
CTF Archive,unrandom DSA (HackTM CTF),10,Easy,31,https://cryptohack.org/challenges/ctf-archive/,unrandom_dsa-hacktm_ctf2023,What if /dev/urandom is unrandom...? Challenge contributed by y011d4 Connect at archive.cryptohack.org 2783 Challenge files: - server.py -->
CTF Archive,Authenticator (Firebird Internal CTF),10,Easy,33,https://cryptohack.org/challenges/ctf-archive/,authenticator-firebird_intern,Hash-based authentication is great and I have invented one. Can you prove that my system is secure? Challenge contributed by Mystiz Connect at archive.cryptohack.org 40156 Challenge files: - chall.py 
CTF Archive,C0ll1d3r (Firebird Internal CTF),10,Easy,40,https://cryptohack.org/challenges/ctf-archive/,c0ll1d3r-firebird_internal_ct,"""Find a collision for my hash algorithm! It is basically military-graded: The output is 256-bit long, and discrete log is hard! I even made it harder such that you don't even have the public parameter"
CTF Archive,Dark Arts (CODEGATE CTF),10,Easy,38,https://cryptohack.org/challenges/ctf-archive/,dark_arts-codegate_ctf2022,"Breaking random functions is a dark art, and I need your help in this. Challenge contributed by rkm0959 Connect at archive.cryptohack.org 35802 Challenge files: - chal.py -->"
CTF Archive,FaILProof (SekaiCTF),10,Easy,37,https://cryptohack.org/challenges/ctf-archive/,failproof-sekaictf2022,"""I have designed a failproof encryption system with possibly arbitrarily small public keys. I will be as famous as Et Al one day, but only if I can somehow figure out a decryption mechanism..."" Challe"
CTF Archive,FaILProof Revenge (SekaiCTF),10,Easy,32,https://cryptohack.org/challenges/ctf-archive/,failproof_revenge-sekaictf202,"""I am sure it's failproof now, I have increased the security levels too!¬"" Challenge contributed by deuterium Connect at archive.cryptohack.org 36813 Challenge files: - ctf.xinetd - source.py - Docker"
CTF Archive,Functional (ICC Athens),10,Easy,33,https://cryptohack.org/challenges/ctf-archive/,functional-icc_athens2022,It only took me four heat deaths of the universe to encrypt this flag. Challenge contributed by CryptoHack Challenge files: - output.txt - functional.sage -->
CTF Archive,Key recovery (DCTF),10,Easy,33,https://cryptohack.org/challenges/ctf-archive/,key_recovery-dctf2022,"I got bored and made a new block cipher, but someone stole my flag and now i need to break it to get it back. Will you help me? Challenge contributed by zeski Connect at archive.cryptohack.org 44134 C"
CTF Archive,Lack of Entropy (Firebird Internal CTF),10,Easy,81,https://cryptohack.org/challenges/ctf-archive/,lack_of_entropy-firebird_inte,Mystiz's computer is lack of entropy. He needs to reuse randomness to generate the primes for RSA... Challenge contributed by Mystiz Challenge files: - output.txt - chall.py -->
CTF Archive,Maybe Someday (GoogleCTF),10,Easy,33,https://cryptohack.org/challenges/ctf-archive/,maybe_someday-googlectf2022,"Find a collision for my hash algorithm! It is basically military-graded: The output is 256-bit long, and discrete log is hard! I even made it harder such that you don't even have the public parameters"
CTF Archive,Maybe Someday (Maybe Someday CTF),10,Easy,31,https://cryptohack.org/challenges/ctf-archive/,maybe_someday-maybe_someday_c,"Find a collision for my hash algorithm! It is basically military-graded: The output is 256-bit long, and discrete log is hard! I even made it harder such that you don't even have the public parameters"
CTF Archive,Probability (SEETF),10,Easy,36,https://cryptohack.org/challenges/ctf-archive/,probability-seetf2022,"I've been learning about probability distributions, but it's all very confusing so I'm just going to assume that my variant of blackjack gives an advantage to the house. I'll even bet a flag on it. Ch"
CTF Archive,RSA Permutation (WACON),10,Easy,38,https://cryptohack.org/challenges/ctf-archive/,rsa_permutation-wacon2022,"So I got all the hex digits of the private key, but it seems that the hex digits went through some sort of a permutation.... Can you help me? Challenge contributed by rkm0959 Connect at archive.crypto"
CTF Archive,RSA Secret Sharing (WACON),10,Easy,40,https://cryptohack.org/challenges/ctf-archive/,rsa_secret_sharing-wacon2022,ON 2-out-of-3 SECRET SHARING BASED ON RSA - MemeCrypt 2022 Challenge contributed by rkm0959 Connect at archive.cryptohack.org 42957 Challenge files: - chal.py -->
CTF Archive,Signature (TSJ CTF),10,Easy,39,https://cryptohack.org/challenges/ctf-archive/,signature-tsj_ctf2022,Another boring crypto challenge about signatures. Challenge contributed by maple3142 Challenge files: - output.txt - challenge.py -->
CTF Archive,Unbalanced (ICC Athens),10,Easy,43,https://cryptohack.org/challenges/ctf-archive/,unbalanced-icc_athens2022,"I want to keep my private key small, but I've heard this is dangerous. I think I've found a way around this though! Challenge contributed by CryptoHack Challenge files: - output.txt - challenge.py -->"
CTF Archive,diffecient (SekaiCTF),10,Easy,31,https://cryptohack.org/challenges/ctf-archive/,diffecient-sekaictf2022,"""Welcome to the Diffecient Security Key Database API, for securely and efficiently saving tons of long security keys! Feel *free* to query your security keys, and pay a little to add your own to our s"
CTF Archive,ed25519 magic (ICC Athens),10,Easy,54,https://cryptohack.org/challenges/ctf-archive/,ed25519_magic-icc_athens2022,"Ed25519 is all the rage these days - it's fast, has small keys and signatures, and is designed to be robust against side-channel attacks. But the scheme has some magic as originally conceived. Challen"
CTF Archive,pekobot (AIS3 Pre-Exam),10,Easy,53,https://cryptohack.org/challenges/ctf-archive/,pekobot-ais3_pre-exam2022,I am a bot imitating Pekora. You can talk with me through Elliptic-curve Diffie–Hellman protocol! Challenge contributed by maple3142 Connect at archive.cryptohack.org 45328 Challenge files: - server.p
CTF Archive,1337crypt v2 (DownUnderCTF),10,Easy,44,https://cryptohack.org/challenges/ctf-archive/,1337crypt_v2-downunderctf2021,"1337crypt is back. This time, with added complexity. Challenge contributed by joseph Challenge files: - 1337crypt-v2.sage - output.txt -->"
CTF Archive,1n_jection (Zh3r0 CTF V2),10,Easy,65,https://cryptohack.org/challenges/ctf-archive/,1n_jection-zh3r0_ctf_v22021,"""COVID: *exists* vaccine jokes: *challenge_name*"" Challenge contributed by deuterium Challenge files: - challenge.py -->"
CTF Archive,A Joke Cipher (HKCERT CTF),10,Easy,82,https://cryptohack.org/challenges/ctf-archive/,a_joke_cipher-hkcert_ctf2021,"In the beginning of 2020, Khaled A. Nagaty invented a cryptosystem based on key exchange. The cipher is faster than ever... It is impossible to break, right? Challenge contributed by Mystiz Challenge "
CTF Archive,Chaos (Zh3r0 CTF V2),10,Easy,48,https://cryptohack.org/challenges/ctf-archive/,chaos-zh3r0_ctf_v22021,"""What's the fun of rolling up a hash function if it's not chaotic enough?"" Challenge contributed by deuterium Connect at archive.cryptohack.org 18948 Challenge files: - chaos.xinetd - Dockerfile - cha"
CTF Archive,Cipher Mode Picker (HKCERT CTF),10,Easy,75,https://cryptohack.org/challenges/ctf-archive/,cipher_mode_picker-hkcert_ctf,Every slightest mistake in cryptography would lead to a disastrous result. Let's see what will happen when you allow end-users to pick the mode of operation... Challenge contributed by Mystiz Connect 
CTF Archive,Key Backup Service 1 (HKCERT CTF),10,Easy,51,https://cryptohack.org/challenges/ctf-archive/,key_backup_service_1-hkcert_c,"Mystiz made a key vault which could encrypts his darkest secrets (i.e., the flag). Everything is protected with a bank-level encryption (i.e., a 256-bit key). You are welcome to look at the encrypted "
CTF Archive,Key Backup Service 2 (HKCERT CTF),10,Easy,49,https://cryptohack.org/challenges/ctf-archive/,key_backup_service_2-hkcert_c,"Mystiz is really lazy. He expects that someone would crack the bank-level encryption, but he doesn't care about that. After all, the darkest secret is not that dark. He decided to change the numbers a"
CTF Archive,Oofbleck (Firebird Internal CTF),10,Easy,51,https://cryptohack.org/challenges/ctf-archive/,oofbleck-firebird_internal_ct,"Some of the block cipher modes of operation are pretty vulnerable, which includes but not limited to padding oracle in CBC, key-recovery attacks with repeated nonces in GCM and _Zerologon_ in CFB8... "
CTF Archive,Real Mersenne (Zh3r0 CTF V2),10,Easy,42,https://cryptohack.org/challenges/ctf-archive/,real_mersenne-zh3r0_ctf_v2202,"""Do you believe in games of luck? I hope you make your guesses real or you'll be floating around,"" Challenge contributed by deuterium Connect at archive.cryptohack.org 16189 Challenge files: - real.xi"
CTF Archive,"Sign In Please, Again (HKCERT CTF)",10,Easy,39,https://cryptohack.org/challenges/ctf-archive/,sign_in_please_again-hkcert_c,Okay. My secure authentication system was proved insecure (see [here](https://github.com/samueltangz/ctf-archive-created/tree/master/20201006-hkcert-ctf/sign-in-please)) as it got exploited last year 
CTF Archive,SpongeBob SquarePants / Battle for Bikini Bottom - Rehydrated (HTB Cyber Apocalypse),10,Easy,35,https://cryptohack.org/challenges/ctf-archive/,spongebob_squarepants__battle,"* Wait, `spongebob` and `squarepants` don't hash to the same thing? Challenge contributed by CryptoHack Connect at archive.cryptohack.org 37916 Challenge files: - spongebob.py -->"
CTF Archive,Sratslla SEA (HKCERT CTF),10,Easy,43,https://cryptohack.org/challenges/ctf-archive/,sratslla_sea-hkcert_ctf2021,"`AddRoundKey`, `SubBytes`, `ShiftRows` and `MixColumns` are four crucial components are AES. They are used to protect the world in 2021. I wonder what will happen if some of them is out of function. C"
CTF Archive,Substitution Cipher III (DownUnderCTF),10,Easy,36,https://cryptohack.org/challenges/ctf-archive/,substitution_cipher_iii-downu,"Wait a MInute, that's not a substitution cipher! Challenge contributed by joseph Challenge files: - output.txt - substitution-cipher-iii.sage -->"
CTF Archive,Tenet: The Plagarism (HKCERT CTF),10,Easy,52,https://cryptohack.org/challenges/ctf-archive/,tenet_the_plagarism-hkcert_ct,"The deadline for writing challenges is coming! Mystiz, who claimed himself not well-known for reusing challenges , decided to free-ride and plagarize challenges from HKCERT CTF 2020. Maybe you can reu"
CTF Archive,Twist and Shout (Zh3r0 CTF V2),10,Easy,44,https://cryptohack.org/challenges/ctf-archive/,twist_and_shout-zh3r0_ctf_v22,"""Wise men once said, “Well, shake it up, baby, now Twist and shout come on and work it on out” I obliged, not the flag is as twisted as my sense of humour"" Challenge contributed by deuterium Connect a"
CTF Archive,Unevaluated (TETCTF),10,Easy,53,https://cryptohack.org/challenges/ctf-archive/,unevaluated-tetctf2021,"We’re about to launch a new public key cryptosystem, but its security has not been carefully reviewed yet. Can you help us? Challenge contributed by NDH Challenge files: - output.txt - source.py -->"
CTF Archive,Unimplemented (TETCTF),10,Easy,84,https://cryptohack.org/challenges/ctf-archive/,unimplemented-tetctf2021,"A new public key encryption algorithm is being invented, but the author is not quite sure how to implement the decryption routine correctly. Can you help him? Challenge contributed by NDH Challenge fi"
CTF Archive,import numpy as MT (Zh3r0 CTF V2),10,Easy,46,https://cryptohack.org/challenges/ctf-archive/,import_numpy_as_mt-zh3r0_ctf,"""Python is so slow! Lets use nUmPy tO MAkE iT FaSTer. Only if there was a module for crypto in it :("" Challenge contributed by deuterium Connect at archive.cryptohack.org 7265 Challenge files: - numpy"
CTF Archive,1337crypt (DownUnderCTF),10,Easy,119,https://cryptohack.org/challenges/ctf-archive/,1337crypt-downunderctf2020,Can you solve my factorisation problem if I give you a hint? Challenge contributed by joseph Challenge files: - output.txt - 1337crypt.sage -->
CTF Archive,2020 (TETCTF),10,Easy,107,https://cryptohack.org/challenges/ctf-archive/,2020-tetctf2020,Can you guess the 2020th number? Challenge contributed by ndh Connect at archive.cryptohack.org 63222 Challenge files: - Dockerfile - 2020.py -->
CTF Archive,Calm Down (HKCERT CTF),10,Easy,104,https://cryptohack.org/challenges/ctf-archive/,calm_down-hkcert_ctf2020,I am so excited having a chance talking to Alice. She told me to calm down - and sent me an encrypted secret. Challenge contributed by Mystiz Connect at archive.cryptohack.org 53580 Challenge files: -
CTF Archive,Sign in Please (HKCERT CTF),10,Easy,151,https://cryptohack.org/challenges/ctf-archive/,sign_in_please-hkcert_ctf2020,"I have implemented a secure authentication system. You can't eavesdrop the passwords, can you? Challenge contributed by Mystiz Connect at archive.cryptohack.org 1024 Challenge files: - chall.py -->"
