ID,題目名稱,分類,難易度,分數,作者,全站解出人數,個人完成狀態,事件/出處
783,"Trust But Verify","Artificial Intelligence",1,1,"LT 'syreal' Jones",3721,未完成,"AI Foundations I"
782,"Perceptron Train XOR","Artificial Intelligence",1,1,"LT 'syreal' Jones",1995,未完成,"AI Foundations I"
781,"Perceptron Train XNOR","Artificial Intelligence",1,1,"LT 'syreal' Jones",1595,未完成,"AI Foundations I"
780,"Perceptron Train Hole in Middle","Artificial Intelligence",1,1,"LT 'syreal' Jones",1382,未完成,"AI Foundations I"
779,"Perceptron Train Classic 2 Alpha","Artificial Intelligence",1,1,"LT 'syreal' Jones",1114,未完成,"AI Foundations I"
778,"Perceptron Train Classic 1","Artificial Intelligence",1,1,"LT 'syreal' Jones",1020,未完成,"AI Foundations I"
777,"Perceptron Train Classic 0","Artificial Intelligence",1,1,"LT 'syreal' Jones",962,未完成,"AI Foundations I"
776,"Perceptron Train 3-Bit Parity","Artificial Intelligence",1,1,"LT 'syreal' Jones",877,未完成,"AI Foundations I"
775,"Perceptron Play Naught","Artificial Intelligence",1,1,"LT 'syreal' Jones",737,未完成,"AI Foundations I"
774,"Perceptron Play Alpha","Artificial Intelligence",1,1,"LT 'syreal' Jones",744,未完成,"AI Foundations I"
773,"Perceptron Play 1D Alpha","Artificial Intelligence",1,1,"LT 'syreal' Jones",759,未完成,"AI Foundations I"
772,"Neuron Meet 2D-0","Artificial Intelligence",1,1,"LT 'syreal' Jones",1271,未完成,"AI Foundations I"
771,"Neuron Meet 0","Artificial Intelligence",1,1,"LT 'syreal' Jones",1393,未完成,"AI Foundations I"
770,"Neuron Express 2D-0","Artificial Intelligence",1,1,"LT 'syreal' Jones",796,未完成,"AI Foundations I"
769,"Neuron Express 0","Artificial Intelligence",1,1,"LT 'syreal' Jones",932,未完成,"AI Foundations I"
768,"Assistant or Agent?","Artificial Intelligence",1,1,"LT 'syreal' Jones",767,未完成,"AI Foundations I"
766,"Undo","General Skills",1,100,"Yahaya Meddy",16000,未完成,"picoCTF 2026"
764,"MY GIT","General Skills",1,50,"Darkraicg492",10570,已完成,"picoCTF 2026"
762,"bytemancy 1","General Skills",1,100,"LT 'syreal' Jones",8979,未完成,"picoCTF 2026"
759,"Printer Shares","General Skills",1,50,"Janice He",8022,未完成,"picoCTF 2026"
757,"ping-cmd","General Skills",1,100,"Yahaya Meddy",10698,未完成,"picoCTF 2026"
742,"bytemancy 0","General Skills",1,50,"LT 'syreal' Jones",8803,未完成,"picoCTF 2026"
740,"Piece by Piece","General Skills",1,50,"Yahaya Meddy",9608,未完成,"picoCTF 2026"
739,"Old Sessions","Web Exploitation",1,100,"David Gaviria",15755,未完成,"picoCTF 2026"
735,"SUDO MAKE ME A SANDWICH","General Skills",1,50,"Darkraicg492",10863,未完成,"picoCTF 2026"
727,"Quizploit","Binary Exploitation",1,50,"Aditya Sudhansu",6161,未完成,"picoCTF 2026"
719,"StegoRSA","Cryptography",1,100,"Yahaya Meddy",8014,未完成,"picoCTF 2026"
715,"Shared Secrets","Cryptography",1,100,"Yahaya Meddy",7207,未完成,"picoCTF 2026"
712,"Password Profiler","General Skills",1,100,"Yahaya Meddy",5245,未完成,"picoCTF 2026"
710,"MultiCode","General Skills",1,200,"Yahaya Meddy",6613,未完成,"picoCTF 2026"
698,"Binary Digits","Forensics",1,100,"Yahaya Meddy",9627,未完成,"picoCTF 2026"
530,"Riddle Registry","Forensics",1,50,"Prince Niyonshuti N.",42792,已完成,"picoMini by CMU-Africa"
527,"Log Hunt","General Skills",1,50,"Yahaya Meddy",43250,已完成,"picoMini by CMU-Africa"
524,"Hidden in plainsight","Forensics",1,100,"Yahaya Meddy",31905,已完成,"picoMini by CMU-Africa"
523,"Flag in Flame","Forensics",1,100,"Prince Niyonshuti N.",23489,已完成,"picoMini by CMU-Africa"
520,"Crack the Gate 1","Web Exploitation",1,100,"Yahaya Meddy",34198,未完成,"picoMini by CMU-Africa"
519,"Corrupted file","Forensics",1,100,"Yahaya Meddy",19259,未完成,"picoMini by CMU-Africa"
505,"DISKO 1","Forensics",1,1,"Darkraicg492",36495,未完成,""
492,"SSTI1","Web Exploitation",1,100,"Venax",55601,未完成,"picoCTF 2025"
490,"PIE TIME","Binary Exploitation",1,75,"Darkraicg492",20012,未完成,"picoCTF 2025"
482,"n0s4n1ty 1","Web Exploitation",1,100,"Prince Niyonshuti N.",19843,未完成,"picoCTF 2025"
476,"head-dump","Web Exploitation",1,50,"Prince Niyonshuti N.",28245,未完成,"picoCTF 2025"
475,"hashcrack","Cryptography",1,100,"Nana Ama Atombo-Sackey",48793,未完成,"picoCTF 2025"
472,"Flag Hunters","Reverse Engineering",1,75,"syreal",26143,未完成,"picoCTF 2025"
471,"FANTASY CTF","General Skills",1,10,"syreal",45905,未完成,"picoCTF 2025"
470,"EVEN RSA CAN BE BROKEN???","Cryptography",1,200,"Michael Crotty",24916,未完成,"picoCTF 2025"
469,"Cookie Monster Secret Recipe","Web Exploitation",1,50,"Brhane Giday and Prince Niyonshuti N.",52623,未完成,"picoCTF 2025"
463,"Rust fixme 3","General Skills",1,100,"Taylor McCampbell",10554,未完成,"picoCTF 2025"
462,"Rust fixme 2","General Skills",1,100,"Taylor McCampbell",10100,未完成,"picoCTF 2025"
461,"Rust fixme 1","General Skills",1,100,"Taylor McCampbell",11559,未完成,"picoCTF 2025"
460,"RED","Forensics",1,100,"Shuailin Pan (LeConjuror)",29046,未完成,"picoCTF 2025"
459,"Ph4nt0m 1ntrud3r","Forensics",1,50,"Prince Niyonshuti N.",18012,未完成,"picoCTF 2025"
450,"Verify","Forensics",1,50,"Jeffery John",61671,未完成,"picoCTF 2024"
444,"Scan Surprise","Forensics",1,50,"Jeffery John",70119,未完成,"picoCTF 2024"
442,"Binary Search","General Skills",1,100,"Jeffery John",60279,未完成,"picoCTF 2024"
438,"heap 0","Binary Exploitation",1,50,"Abrxs, pr1or1tyQ",38368,未完成,"picoCTF 2024"
433,"format string 0","Binary Exploitation",1,50,"Cheng Zhang",35136,未完成,"picoCTF 2024"
427,"WebDecode","Web Exploitation",1,50,"Nana Ama Atombo-Sackey",95576,未完成,"picoCTF 2024"
426,"Unminify","Web Exploitation",1,100,"Jeffery John",79329,未完成,"picoCTF 2024"
425,"Time Machine","General Skills",1,50,"Jeffery John",53407,未完成,"picoCTF 2024"
424,"Super SSH","General Skills",1,25,"Jeffery John",103917,未完成,"picoCTF 2024"
423,"Secret of the Polyglot","Forensics",1,100,"syreal",44172,未完成,"picoCTF 2024"
419,"IntroToBurp","Web Exploitation",1,100,"Nana Ama Atombo-Sackey & Sabine Gisagara",46250,未完成,"picoCTF 2024"
418,"interencdec","Cryptography",1,50,"NGIRIMANA Schadrack",61303,未完成,"picoCTF 2024"
414,"endianness","General Skills",1,200,"Nana Ama Atombo-Sackey",26578,未完成,"picoCTF 2024"
411,"Commitment Issues","General Skills",1,50,"Jeffery John",34866,未完成,"picoCTF 2024"
410,"Collaborative Development","General Skills",1,75,"Jeffery John",25831,未完成,"picoCTF 2024"
408,"CanYouSee","Forensics",1,100,"Mubarak Mikail",46531,未完成,"picoCTF 2024"
406,"Bookmarklet","Web Exploitation",1,50,"Jeffery John",67246,未完成,"picoCTF 2024"
405,"Blame Game","General Skills",1,75,"Jeffery John",30459,未完成,"picoCTF 2024"
404,"binhexa","General Skills",1,100,"Nana Ama Atombo-Sackey",26888,未完成,"picoCTF 2024"
371,"repetitions","General Skills",1,100,"Theoneste Byagutangaza",43281,未完成,"picoCTF 2023"
322,"Big Zip","General Skills",1,100,"LT 'syreal' Jones",73612,未完成,""
320,"First Find","General Skills",1,100,"LT 'syreal' Jones",74133,未完成,""
278,"Local Authority","Web Exploitation",1,100,"LT 'syreal' Jones",89657,未完成,"picoCTF 2022"
275,"Inspect HTML","Web Exploitation",1,100,"LT 'syreal' Jones",123061,未完成,"picoCTF 2022"
274,"Includes","Web Exploitation",1,100,"LT 'syreal' Jones",88685,未完成,"picoCTF 2022"
250,"runme.py","General Skills",1,5,"Sujeet Kumar",67865,未完成,"Beginner picoMini 2022"
246,"PW Crack 2","General Skills",1,35,"LT 'syreal' Jones",80544,未完成,"Beginner picoMini 2022"
245,"PW Crack 1","General Skills",1,25,"LT 'syreal' Jones",83990,未完成,"Beginner picoMini 2022"
243,"HashingJobApp","General Skills",1,40,"LT 'syreal' Jones",58895,未完成,"Beginner picoMini 2022"
242,"Glitch Cat","General Skills",1,30,"LT 'syreal' Jones",62755,未完成,"Beginner picoMini 2022"
241,"fixme2.py","General Skills",1,25,"LT 'syreal' Jones",68870,未完成,"Beginner picoMini 2022"
240,"fixme1.py","General Skills",1,25,"LT 'syreal' Jones",71303,未完成,"Beginner picoMini 2022"
239,"convertme.py","General Skills",1,15,"LT 'syreal' Jones",78501,未完成,"Beginner picoMini 2022"
238,"Codebook","General Skills",1,20,"LT 'syreal' Jones",65951,未完成,"Beginner picoMini 2022"
189,"Magikarp Ground Mission","General Skills",1,30,"syreal",102404,未完成,"picoCTF 2021"
186,"information","Forensics",1,10,"susie",148381,未完成,"picoCTF 2021"
176,"Tab, Tab, Attack","General Skills",1,20,"syreal",130202,未完成,"picoCTF 2021"
173,"Cookies","Web Exploitation",1,40,"madStacks",107198,未完成,"picoCTF 2021"
170,"Wave a flag","General Skills",1,10,"syreal",213641,未完成,"picoCTF 2021"
163,"Static ain't always noise","General Skills",1,20,"syreal",100450,未完成,"picoCTF 2021"
161,"Scavenger Hunt","Web Exploitation",1,50,"madStacks",88339,未完成,"picoCTF 2021"
156,"Nice netcat...","General Skills",1,15,"syreal",160433,未完成,"picoCTF 2021"
147,"Obedient Cat","General Skills",1,5,"syreal",360252,未完成,"picoCTF 2021"
144,"Mod 26","Cryptography",1,10,"Pandu",312521,未完成,"picoCTF 2021"
132,"GET aHEAD","Web Exploitation",1,20,"madStacks",119228,未完成,"picoCTF 2021"
104,"Transformation","Reverse Engineering",1,20,"madStacks",76330,未完成,"picoCTF 2021"
86,"2warm","General Skills",1,100,"Sanjay C/Danny Tunitis",169359,未完成,"picoCTF 2019"
85,"First Grep","General Skills",1,100,"Alex Fulton/Danny Tunitis",127916,未完成,"picoCTF 2019"
68,"The Numbers","Cryptography",1,50,"Danny",121619,未完成,"picoCTF 2019"
67,"Bases","General Skills",1,100,"Sanjay C/Danny T",127772,未完成,"picoCTF 2019"
66,"dont-use-client-side","Web Exploitation",1,100,"Alex Fulton/Danny",96040,未完成,"picoCTF 2019"
62,"13","Cryptography",1,100,"Alex Fulton/Daniel Tunitis",111502,未完成,"picoCTF 2019"
58,"Warmed Up","General Skills",1,50,"Sanjay C/Danny Tunitis",172230,未完成,"picoCTF 2019"
46,"logon","Web Exploitation",1,100,"bobson",94991,未完成,"picoCTF 2019"
44,"Glory of the Garden","Forensics",1,50,"jedavis/Danny",96436,未完成,"picoCTF 2019"
37,"strings it","General Skills",1,100,"Sanjay C/Danny Tunitis",117098,未完成,"picoCTF 2019"
34,"what's a net cat?","General Skills",1,100,"Sanjay C/Danny Tunitis",156468,未完成,"picoCTF 2019"
22,"Lets Warm Up","General Skills",1,50,"Sanjay C/Danny Tunitis",162539,未完成,"picoCTF 2019"
18,"Insp3ct0r","Web Exploitation",1,50,"zaratec/danny",182671,未完成,"picoCTF 2019"
7,"vault-door-training","Reverse Engineering",1,50,"Mark E. Haase",97897,未完成,"picoCTF 2019"
4,"where are the robots","Web Exploitation",1,100,"zaratec/Danny",141908,未完成,"picoCTF 2019"
767,"Secure Password Database","Reverse Engineering",2,200,"Philip Thayer",2843,未完成,"picoCTF 2026"
765,"No FA","Web Exploitation",2,200,"Darkraicg492",4659,未完成,"picoCTF 2026"
761,"Bypass Me","Reverse Engineering",2,100,"Prince Niyonshuti N.",2342,未完成,"picoCTF 2026"
760,"Smart_Overflow","Blockchain",2,300,"OB",1443,未完成,"picoCTF 2026"
756,"Failure Failure","General Skills",2,200,"Darkraicg492",2566,未完成,"picoCTF 2026"
755,"Echo Escape 1","Binary Exploitation",2,100,"Yahaya Meddy",2851,未完成,"picoCTF 2026"
754,"Autorev 1","Reverse Engineering",2,200,"SkrubLawd",1871,未完成,"picoCTF 2026"
751,"Hidden Cipher 2","Reverse Engineering",2,100,"Yahaya Meddy",2639,未完成,"picoCTF 2026"
750,"Hashgate","Web Exploitation",2,100,"Yahaya Meddy",4108,未完成,"picoCTF 2026"
749,"Credential Stuffing","Web Exploitation",2,100,"David Gaviria",2669,未完成,"picoCTF 2026"
748,"ABSOLUTE NANO","General Skills",2,200,"Darkraicg492",3577,未完成,"picoCTF 2026"
747,"Secret Box","Web Exploitation",2,200,"Janice He",4103,未完成,"picoCTF 2026"
746,"tea-cash","Binary Exploitation",2,100,"Aditya Sudhansu",1553,未完成,"picoCTF 2026"
745,"Hidden Cipher 1","Reverse Engineering",2,100,"Yahaya Meddy",2783,未完成,"picoCTF 2026"
743,"Fool the Lockout","Web Exploitation",2,200,"David Gaviria",2523,未完成,"picoCTF 2026"
736,"Echo Escape 2","Binary Exploitation",2,100,"Yahaya Meddy",2353,未完成,"picoCTF 2026"
733,"offset-cycle","Binary Exploitation",2,300,"Aditya Sudhansu",1561,未完成,"picoCTF 2026"
732,"KSECRETS","General Skills",2,100,"Darkraicg492",1883,未完成,"picoCTF 2026"
731,"Gatekeeper","Reverse Engineering",2,100,"Yahaya Meddy",2772,未完成,"picoCTF 2026"
730,"bytemancy 3","General Skills",2,400,"LT 'syreal' Jones",2007,未完成,"picoCTF 2026"
729,"Sql Map1","Web Exploitation",2,300,"Aditya Sudhansu",2540,未完成,"picoCTF 2026"
725,"North-South","Web Exploitation",2,100,"Darkraicg492",1978,未完成,"picoCTF 2026"
724,"bytemancy 2","General Skills",2,200,"LT 'syreal' Jones",2924,未完成,"picoCTF 2026"
723,"Access_Control","Blockchain",2,200,"OB",1486,未完成,"picoCTF 2026"
722,"Timestamped Secrets","Cryptography",2,200,"Yahaya Meddy",3143,未完成,"picoCTF 2026"
721,"Timeline 1","Forensics",2,300,"LT 'syreal' Jones",2381,未完成,"picoCTF 2026"
720,"Timeline 0","Forensics",2,100,"LT 'syreal' Jones",2946,未完成,"picoCTF 2026"
718,"Small Trouble","Cryptography",2,200,"Yahaya Meddy",2577,未完成,"picoCTF 2026"
717,"Silent Stream","Reverse Engineering",2,200,"Yahaya Meddy",1675,未完成,"picoCTF 2026"
716,"shift registers","Cryptography",2,200,"Philip Thayer",2701,未完成,"picoCTF 2026"
714,"Rogue Tower","Forensics",2,300,"Samuel Dinesh",2965,未完成,"picoCTF 2026"
713,"Related Messages","Cryptography",2,200,"Philip Thayer",2071,未完成,"picoCTF 2026"
711,"Not TRUe","Cryptography",2,400,"ishaanharry",1399,未完成,"picoCTF 2026"
707,"Forensics Git 2","Forensics",2,400,"LT 'syreal' Jones",2258,未完成,"picoCTF 2026"
706,"Forensics Git 1","Forensics",2,300,"LT 'syreal' Jones",2456,未完成,"picoCTF 2026"
705,"Forensics Git 0","Forensics",2,200,"LT 'syreal' Jones",2720,未完成,"picoCTF 2026"
704,"DISKO 4","Forensics",2,200,"Darkraicg492",2628,未完成,"picoCTF 2026"
703,"cryptomaze","Cryptography",2,100,"Sabine Gisagara",2538,未完成,"picoCTF 2026"
702,"ClusterRSA","Cryptography",2,400,"Yahaya Meddy",2062,未完成,"picoCTF 2026"
701,"Black Cobra Pepper","Cryptography",2,200,"Philip Thayer & Cayden Liao",1840,未完成,"picoCTF 2026"
697,"The Add/On Trap","Reverse Engineering",2,200,"Alessandro Greco aka Aleff",1780,未完成,"picoCTF 2026"
529,"Pico Bank","Reverse Engineering",2,400,"Prince Niyonshuti N.",812,未完成,"picoMini by CMU-Africa"
528,"M1n10n'5_53cr37","Reverse Engineering",2,300,"Prince Niyonshuti N.",2198,未完成,"picoMini by CMU-Africa"
526,"Input Injection 2","Binary Exploitation",2,200,"Yahaya Meddy",3573,未完成,"picoMini by CMU-Africa"
525,"Input Injection 1","Binary Exploitation",2,100,"Yahaya Meddy",4531,未完成,"picoMini by CMU-Africa"
522,"Crack the Power","Cryptography",2,200,"Yahaya Meddy",5260,未完成,"picoMini by CMU-Africa"
521,"Crack the Gate 2","Web Exploitation",2,200,"Yahaya Meddy",7262,未完成,"picoMini by CMU-Africa"
518,"byp4ss3d","Web Exploitation",2,300,"Yahaya Meddy",4669,未完成,"picoMini by CMU-Africa"
507,"DISKO 3","Forensics",2,1,"Darkraicg492",5695,未完成,""
506,"DISKO 2","Forensics",2,1,"Darkraicg492",6551,未完成,""
494,"Pachinko","Web Exploitation",2,300,"notdeghost",9578,未完成,"picoCTF 2025"
491,"PIE TIME 2","Binary Exploitation",2,200,"Darkraicg492",4462,未完成,"picoCTF 2025"
489,"hash-only-2","Binary Exploitation",2,200,"Junias Bonou",4330,未完成,"picoCTF 2025"
488,"SSTI2","Web Exploitation",2,200,"Venax",12152,未完成,"picoCTF 2025"
487,"hash-only-1","Binary Exploitation",2,100,"Junias Bonou",5552,未完成,"picoCTF 2025"
485,"Echo Valley","Binary Exploitation",2,300,"Shuailin Pan (LeConjuror)",1822,未完成,"picoCTF 2025"
484,"3v@l","Web Exploitation",2,200,"Theoneste Byagutangaza",10429,未完成,"picoCTF 2025"
483,"YaraRules0x100","General Skills",2,200,"Nandan Desai / syreal",1338,未完成,"picoCTF 2025"
481,"flags are stepic","Forensics",2,100,"Ricky",4299,未完成,"picoCTF 2025"
480,"WebSockFish","Web Exploitation",2,200,"Venax",3848,未完成,"picoCTF 2025"
479,"Quantum Scrambler","Reverse Engineering",2,200,"Michael Crotty",4116,未完成,"picoCTF 2025"
474,"Guess My Cheese (Part 2)","Cryptography",2,300,"aditin",1889,未完成,"picoCTF 2025"
473,"Guess My Cheese (Part 1)","Cryptography",2,200,"aditin",5891,未完成,"picoCTF 2025"
468,"Chronohack","Reverse Engineering",2,200,"Theoneste Byagutangaza",1827,未完成,"picoCTF 2025"
467,"Apriti sesamo","Web Exploitation",2,300,"Junias Bonou",2934,未完成,"picoCTF 2025"
466,"Tap into Hash","Reverse Engineering",2,200,"NGIRIMANA Schadrack",3698,未完成,"picoCTF 2025"
458,"perplexed","Reverse Engineering",2,400,"SkrubLawd",2782,未完成,"picoCTF 2025"
456,"Event-Viewing","Forensics",2,200,"Venax",6678,未完成,"picoCTF 2025"
454,"Bitlocker-2","Forensics",2,300,"Venax",2335,未完成,"picoCTF 2025"
453,"Bitlocker-1","Forensics",2,200,"Venax",3966,未完成,"picoCTF 2025"
452,"Binary Instrumentation 2","Reverse Engineering",2,300,"Venax",1322,未完成,"picoCTF 2025"
451,"Binary Instrumentation 1","Reverse Engineering",2,200,"Venax",1821,未完成,"picoCTF 2025"
449,"format string 3","Binary Exploitation",2,300,"SkrubLawd",2291,未完成,"picoCTF 2024"
448,"format string 2","Binary Exploitation",2,200,"SkrubLawd",3398,未完成,"picoCTF 2024"
445,"Trickster","Web Exploitation",2,300,"Junias Bonou",16039,未完成,"picoCTF 2024"
443,"No Sql Injection","Web Exploitation",2,200,"NGIRIMANA Schadrack",11053,未完成,"picoCTF 2024"
440,"heap 3","Binary Exploitation",2,200,"Abrxs",4643,未完成,"picoCTF 2024"
439,"heap 1","Binary Exploitation",2,100,"Abrxs, pr1or1tyQ",12183,未完成,"picoCTF 2024"
437,"dont-you-love-banners","General Skills",2,300,"Loic Shema / syreal",13246,未完成,"picoCTF 2024"
436,"SansAlpha","General Skills",2,400,"syreal",5629,未完成,"picoCTF 2024"
435,"heap 2","Binary Exploitation",2,200,"Abrxs, pr1or1tyQ",5017,未完成,"picoCTF 2024"
434,"format string 1","Binary Exploitation",2,100,"syreal",6646,未完成,"picoCTF 2024"
432,"Blast from the past","Forensics",2,300,"syreal",4394,未完成,"picoCTF 2024"
431,"WinAntiDbg0x300","Reverse Engineering",2,400,"Nandan Desai",984,未完成,"picoCTF 2024"
430,"WinAntiDbg0x200","Reverse Engineering",2,300,"Nandan Desai",2020,未完成,"picoCTF 2024"
429,"WinAntiDbg0x100","Reverse Engineering",2,200,"Nandan Desai",2872,未完成,"picoCTF 2024"
428,"weirdSnake","Reverse Engineering",2,300,"Junias Bonou",3462,未完成,"picoCTF 2024"
422,"rsa_oracle","Cryptography",2,300,"Geoffrey Njogu",4274,未完成,"picoCTF 2024"
421,"packer","Reverse Engineering",2,100,"Mubarak Mikail",8765,未完成,"picoCTF 2024"
420,"Mob psycho","Forensics",2,200,"NGIRIMANA Schadrack",9976,未完成,"picoCTF 2024"
416,"FactCheck","Reverse Engineering",2,200,"Junias Bonou",3500,未完成,"picoCTF 2024"
415,"endianness-v2","Forensics",2,300,"Junias Bonou",5948,未完成,"picoCTF 2024"
413,"Dear Diary","Forensics",2,400,"syreal",4493,未完成,"picoCTF 2024"
412,"Custom encryption","Cryptography",2,100,"NGIRIMANA Schadrack",8554,未完成,"picoCTF 2024"
409,"Classic Crackme 0x100","Reverse Engineering",2,300,"Nandan Desai",3107,未完成,"picoCTF 2024"
407,"C3","Cryptography",2,200,"Matt Superdock",6156,未完成,"picoCTF 2024"
403,"Picker IV","Binary Exploitation",2,100,"LT 'syreal' Jones",6887,未完成,""
402,"Picker III","Reverse Engineering",2,100,"LT 'syreal' Jones",8063,未完成,""
401,"Picker II","Reverse Engineering",2,100,"LT 'syreal' Jones",10289,未完成,""
400,"Picker I","Reverse Engineering",2,100,"LT 'syreal' Jones",16114,未完成,""
399,"Local Target","Binary Exploitation",2,100,"OverTheWire.org / LT 'syreal' Jones",6877,未完成,""
398,"GDB baby step 4","Reverse Engineering",2,100,"LT 'syreal' Jones",8299,未完成,""
397,"GDB baby step 3","Reverse Engineering",2,100,"LT 'syreal' Jones",8282,未完成,""
396,"GDB baby step 2","Reverse Engineering",2,100,"LT 'syreal' Jones",10348,未完成,""
395,"GDB baby step 1","Reverse Engineering",2,100,"LT 'syreal' Jones",12429,未完成,""
394,"Bit-O-Asm-4","Reverse Engineering",2,100,"LT 'syreal' Jones",10376,未完成,""
393,"Bit-O-Asm-3","Reverse Engineering",2,100,"LT 'syreal' Jones",11174,未完成,""
392,"Bit-O-Asm-2","Reverse Engineering",2,100,"LT 'syreal' Jones",12712,未完成,""
391,"Bit-O-Asm-1","Reverse Engineering",2,100,"LT 'syreal' Jones",14501,未完成,""
390,"ASCII Numbers","General Skills",2,100,"LT 'syreal' Jones",36485,未完成,""
389,"ASCII FTW","Reverse Engineering",2,100,"Abhishek Agarwal",9386,未完成,""
387,"VNE","Binary Exploitation",2,200,"Junias Bonou",3922,未完成,"picoCTF 2023"
385,"Virtual Machine 0","Reverse Engineering",2,100,"LT 'syreal' Jones",2703,未完成,"picoCTF 2023"
384,"useless","General Skills",2,100,"Loic Shema",20507,未完成,"picoCTF 2023"
382,"two-sum","Binary Exploitation",2,100,"Mubarak Mikail",9874,未完成,"picoCTF 2023"
381,"timer","Reverse Engineering",2,100,"Loic Shema",8906,未完成,"picoCTF 2023"
378,"Specialer","General Skills",2,400,"LT 'syreal' Jones, et al.",10991,未完成,"picoCTF 2023"
377,"Special","General Skills",2,300,"LT 'syreal' Jones",11873,未完成,"picoCTF 2023"
376,"SOAP","Web Exploitation",2,100,"Geoffrey Njogu",19327,未完成,"picoCTF 2023"
375,"Safe Opener 2","Reverse Engineering",2,100,"Mubarak Mikail",15637,未完成,"picoCTF 2023"
373,"rotation","Cryptography",2,100,"Loic Shema",29907,未完成,"picoCTF 2023"
372,"Reverse","Reverse Engineering",2,100,"Mubarak Mikail",17104,未完成,"picoCTF 2023"
370,"Ready Gladiator 2","Reverse Engineering",2,400,"LT 'syreal' Jones",2259,未完成,"picoCTF 2023"
369,"Ready Gladiator 1","Reverse Engineering",2,200,"LT 'syreal' Jones",3711,未完成,"picoCTF 2023"
368,"Ready Gladiator 0","Reverse Engineering",2,100,"LT 'syreal' Jones",8076,未完成,"picoCTF 2023"
367,"ReadMyCert","Cryptography",2,100,"Sunday Jacob Nwanyim",22918,未完成,"picoCTF 2023"
363,"Permissions","General Skills",2,100,"Geoffrey Njogu",20139,未完成,"picoCTF 2023"
362,"PcapPoisoning","Forensics",2,100,"Mubarak Mikail",22362,未完成,"picoCTF 2023"
359,"MSB","Forensics",2,200,"LT 'syreal' Jones",8183,未完成,"picoCTF 2023"
358,"More SQLi","Web Exploitation",2,200,"Mubarak Mikail",21577,未完成,"picoCTF 2023"
356,"MatchTheRegex","Web Exploitation",2,100,"Sunday Jacob Nwanyim",24792,未完成,"picoCTF 2023"
355,"Java Code Analysis!?!","Web Exploitation",2,300,"Nandan Desai",7299,未完成,"picoCTF 2023"
352,"hijacking","Binary Exploitation",2,200,"Theoneste Byagutangaza",3281,未完成,"picoCTF 2023"
351,"HideToSee","Cryptography",2,100,"Sunday Jacob Nwanyim",14998,未完成,"picoCTF 2023"
350,"hideme","Forensics",2,100,"Geoffrey Njogu",18298,未完成,"picoCTF 2023"
349,"findme","Web Exploitation",2,100,"Geoffrey Njogu",28348,未完成,"picoCTF 2023"
348,"FindAndOpen","Forensics",2,200,"Mubarak Mikail",9666,未完成,"picoCTF 2023"
347,"chrono","General Skills",2,100,"Mubarak Mikail",18669,未完成,"picoCTF 2023"
345,"babygame01","Binary Exploitation",2,100,"Palash Oswal",4930,未完成,"picoCTF 2023"
319,"x-sixty-what","Binary Exploitation",2,200,"Sanjay C / LT 'syreal' Jones",4272,未完成,"picoCTF 2022"
316,"Vigenere","Cryptography",2,100,"Mubarak Mikail",36119,未完成,"picoCTF 2022"
314,"unpackme.py","Reverse Engineering",2,100,"LT 'syreal' Jones",17305,未完成,"picoCTF 2022"
313,"unpackme","Reverse Engineering",2,300,"LT 'syreal' Jones",7025,未完成,"picoCTF 2022"
312,"transposition-trial","Cryptography",2,100,"Will Hong",15783,未完成,"picoCTF 2022"
311,"Torrent Analyze","Forensics",2,400,"Mubarak Mikail",5587,未完成,"picoCTF 2022"
309,"substitution2","Cryptography",2,100,"Will Hong",20050,未完成,"picoCTF 2022"
308,"substitution1","Cryptography",2,100,"Will Hong",19924,未完成,"picoCTF 2022"
307,"substitution0","Cryptography",2,100,"Will Hong",28635,未完成,"picoCTF 2022"
305,"St3g0","Forensics",2,300,"LT 'syreal' Jones (ft. djrobin17)",16839,未完成,"picoCTF 2022"
304,"SQLiLite","Web Exploitation",2,300,"Mubarak Mikail",35268,未完成,"picoCTF 2022"
303,"SQL Direct","Web Exploitation",2,200,"Mubarak Mikail / LT 'syreal' Jones",24953,未完成,"picoCTF 2022"
301,"Sleuthkit Intro","Forensics",2,100,"LT 'syreal' Jones",29139,未完成,"picoCTF 2022"
300,"Sleuthkit Apprentice","Forensics",2,200,"LT 'syreal' Jones",21177,未完成,"picoCTF 2022"
296,"Secrets","Web Exploitation",2,200,"Geoffrey Njogu",30756,未完成,"picoCTF 2022"
295,"Search source","Web Exploitation",2,100,"Mubarak Mikail",39356,未完成,"picoCTF 2022"
294,"Safe Opener","Reverse Engineering",2,100,"Mubarak Mikail",22528,未完成,"picoCTF 2022"
293,"RPS","Binary Exploitation",2,200,"Will Hong",10130,未完成,"picoCTF 2022"
291,"Roboto Sans","Web Exploitation",2,200,"Mubarak Mikail",28329,未完成,"picoCTF 2022"
290,"Redaction gone wrong","Forensics",2,100,"Mubarak Mikail",23500,未完成,"picoCTF 2022"
289,"rail-fence","Cryptography",2,100,"Will Hong",19465,未完成,"picoCTF 2022"
288,"Power Cookie","Web Exploitation",2,200,"LT 'syreal' Jones",39801,未完成,"picoCTF 2022"
287,"patchme.py","Reverse Engineering",2,100,"LT 'syreal' Jones",20111,未完成,"picoCTF 2022"
286,"Packets Primer","Forensics",2,100,"LT 'syreal' Jones",32404,未完成,"picoCTF 2022"
285,"Operation Orchid","Forensics",2,400,"LT 'syreal' Jones",11236,未完成,"picoCTF 2022"
284,"Operation Oni","Forensics",2,300,"LT 'syreal' Jones",6080,未完成,"picoCTF 2022"
280,"morse-code","Cryptography",2,100,"Will Hong",22357,未完成,"picoCTF 2022"
279,"Lookey here","Forensics",2,100,"LT 'syreal' Jones / Mubarak Mikail",30080,未完成,"picoCTF 2022"
273,"GDB Test Drive","Reverse Engineering",2,100,"LT 'syreal' Jones",17048,未完成,"picoCTF 2022"
271,"Fresh Java","Reverse Engineering",2,200,"LT 'syreal' Jones",11111,未完成,"picoCTF 2022"
270,"Forbidden Paths","Web Exploitation",2,200,"LT 'syreal' Jones",33855,未完成,"picoCTF 2022"
269,"flag leak","Binary Exploitation",2,300,"Neel Bhavsar",4816,未完成,"picoCTF 2022"
268,"File types","Forensics",2,100,"Geoffrey Njogu",11968,未完成,"picoCTF 2022"
267,"file-run2","Reverse Engineering",2,100,"Will Hong",23473,未完成,"picoCTF 2022"
266,"file-run1","Reverse Engineering",2,100,"Will Hong",27329,未完成,"picoCTF 2022"
265,"Enhance!","Forensics",2,100,"LT 'syreal' Jones",48487,未完成,"picoCTF 2022"
264,"Eavesdrop","Forensics",2,300,"LT 'syreal' Jones",9012,未完成,"picoCTF 2022"
262,"CVE-XXXX-XXXX","Binary Exploitation",2,100,"Mubarak Mikail",21306,未完成,"picoCTF 2022"
261,"credstuff","Cryptography",2,100,"Will Hong / LT 'syreal' Jones",20661,未完成,"picoCTF 2022"
259,"buffer overflow 2","Binary Exploitation",2,300,"Sanjay C / Palash Oswal",6218,未完成,"picoCTF 2022"
258,"buffer overflow 1","Binary Exploitation",2,200,"Sanjay C / Palash Oswal",12370,未完成,"picoCTF 2022"
257,"buffer overflow 0","Binary Exploitation",2,100,"Alex Fulton / Palash Oswal",37258,未完成,"picoCTF 2022"
256,"bloat.py","Reverse Engineering",2,200,"LT 'syreal' Jones",12660,未完成,"picoCTF 2022"
255,"Bbbbloat","Reverse Engineering",2,300,"LT 'syreal' Jones",9256,未完成,"picoCTF 2022"
254,"basic-mod2","Cryptography",2,100,"Will Hong",17635,未完成,"picoCTF 2022"
253,"basic-mod1","Cryptography",2,100,"Will Hong",25363,未完成,"picoCTF 2022"
252,"basic-file-exploit","Binary Exploitation",2,100,"Will Hong",21973,未完成,"picoCTF 2022"
251,"Serpentine","General Skills",2,50,"LT 'syreal' Jones",41820,未完成,"Beginner picoMini 2022"
249,"PW Crack 5","General Skills",2,100,"LT 'syreal' Jones",45160,未完成,"Beginner picoMini 2022"
248,"PW Crack 4","General Skills",2,85,"LT 'syreal' Jones",51057,未完成,"Beginner picoMini 2022"
247,"PW Crack 3","General Skills",2,75,"LT 'syreal' Jones",59814,未完成,"Beginner picoMini 2022"
237,"WPA-ing Out","Forensics",2,200,"MistressVampy",6209,未完成,""
236,"JAuth","Web Exploitation",2,300,"Geoffrey Njogu",8352,未完成,""
216,"clutter-overflow","Binary Exploitation",2,150,"notdeghost",5319,未完成,"picoMini by redpwn"
210,"spelling-quiz","Cryptography",2,100,"BrownieInMotion",7288,未完成,"picoMini by redpwn"
205,"advanced-potion-making","Forensics",2,100,"bigC",9364,未完成,"picoMini by redpwn"
202,"caas","Web Exploitation",2,150,"BrownieInMotion",22782,未完成,"picoMini by redpwn"
200,"login","Web Exploitation",2,100,"BrownieInMotion",55594,未完成,"picoMini by redpwn"
188,"Mini RSA","Cryptography",2,70,"Sara",10723,未完成,"picoCTF 2021"
180,"Super Serial","Web Exploitation",2,130,"madStacks",9283,未完成,"picoCTF 2021"
177,"Most Cookies","Web Exploitation",2,150,"madStacks",9181,未完成,"picoCTF 2021"
175,"crackme-py","Reverse Engineering",2,30,"syreal",43941,未完成,"picoCTF 2021"
174,"Web Gauntlet 2","Web Exploitation",2,170,"madStacks",9575,未完成,"picoCTF 2021"
169,"It is my Birthday 2","Cryptography",2,170,"Sara/madStacks",337,未完成,"picoCTF 2021"
167,"Binary Gauntlet 0","Binary Exploitation",2,10,"madStacks",1356,未完成,"picoCTF 2021"
166,"Python Wrangling","General Skills",2,10,"syreal",176050,未完成,"picoCTF 2021"
162,"Mind your Ps and Qs","Cryptography",2,20,"Sara",49375,未完成,"picoCTF 2021"
160,"ARMssembly 0","Reverse Engineering",2,40,"Dylan McGuire",10534,未完成,"picoCTF 2021"
159,"Dachshund Attacks","Cryptography",2,80,"Sara",9883,未完成,"picoCTF 2021"
158,"New Caesar","Cryptography",2,60,"madStacks",14832,未完成,"picoCTF 2021"
154,"No Padding, No Problem","Cryptography",2,90,"Sara",5186,未完成,"picoCTF 2021"
152,"Some Assembly Required 1","Web Exploitation",2,200,"picoCTF",36142,未完成,"picoCTF 2021"
143,"Binary Gauntlet 2","Binary Exploitation",2,50,"madStacks",431,未完成,"picoCTF 2021"
139,"Milkslap","Forensics",2,200,"James Lynch",7359,未完成,"picoCTF 2021"
138,"What's your input?","Binary Exploitation",2,50,"madStacks",1690,未完成,"picoCTF 2021"
137,"Disk, disk, sleuth! II","Forensics",2,130,"syreal",18296,未完成,"picoCTF 2021"
134,"Shop","Reverse Engineering",2,50,"thelshell",17533,未完成,"picoCTF 2021"
133,"Binary Gauntlet 3","Binary Exploitation",2,80,"madStacks",269,未完成,"picoCTF 2021"
131,"Some Assembly Required 2","Web Exploitation",2,110,"Sears Schulz",9347,未完成,"picoCTF 2021"
130,"MacroHard WeakEdge","Forensics",2,60,"madStacks",21009,未完成,"picoCTF 2021"
129,"Matryoshka doll","Forensics",2,30,"Susie/Pandu",52226,未完成,"picoCTF 2021"
128,"Web Gauntlet 3","Web Exploitation",2,300,"madStacks",6721,未完成,"picoCTF 2021"
126,"Binary Gauntlet 1","Binary Exploitation",2,30,"madStacks",580,未完成,"picoCTF 2021"
125,"Easy Peasy","Cryptography",2,40,"madStacks",12011,未完成,"picoCTF 2021"
124,"More Cookies","Web Exploitation",2,90,"madStacks",10504,未完成,"picoCTF 2021"
121,"keygenme-py","Reverse Engineering",2,30,"syreal",42359,未完成,"picoCTF 2021"
120,"It's Not My Fault 2","Cryptography",2,400,"rkm0959",121,未完成,"picoCTF 2021"
116,"speeds and feeds","Reverse Engineering",2,50,"Ryan Ramseyer",18062,未完成,"picoCTF 2021"
115,"Wireshark doo dooo do doo...","Forensics",2,50,"Dylan",41321,未完成,"picoCTF 2021"
113,"Disk, disk, sleuth!","Forensics",2,110,"syreal",13658,未完成,"picoCTF 2021"
112,"tunn3l v1s10n","Forensics",2,40,"Danny",22470,未完成,"picoCTF 2021"
111,"ARMssembly 1","Reverse Engineering",2,70,"Pranay Garg",4984,未完成,"picoCTF 2021"
110,"Wireshark twoo twooo two twoo...","Forensics",2,100,"Dylan",13357,未完成,"picoCTF 2021"
109,"It is my Birthday","Web Exploitation",2,100,"madStacks",24789,未完成,"picoCTF 2021"
108,"Startup Company","Web Exploitation",2,180,"madStacks",857,未完成,"picoCTF 2021"
105,"Stonks","Binary Exploitation",2,20,"madStacks",32939,未完成,"picoCTF 2021"
103,"Trivial Flag Transfer Protocol","Forensics",2,90,"Danny",16026,未完成,"picoCTF 2021"
101,"Weird File","Forensics",2,20,"thelshell",2349,未完成,"picoCTF 2021"
100,"Pixelated","Cryptography",2,200,"Sara",9467,未完成,"picoCTF 2021"
91,"Nothing Up My Sleeve","General Skills",2,1,"Q0h313th",5762,未完成,"picoCTF 2020 Mini-Competition"
90,"Guessing Game 1","Binary Exploitation",2,250,"madStacks",1568,未完成,"picoCTF 2020 Mini-Competition"
88,"Web Gauntlet","Web Exploitation",2,1,"madStacks",15840,未完成,"picoCTF 2020 Mini-Competition"
87,"Pitter, Patter, Platters","Forensics",2,250,"syreal",6257,未完成,"picoCTF 2020 Mini-Competition"
84,"shark on wire 2","Forensics",2,300,"Danny",7341,未完成,"picoCTF 2019"
82,"1_wanna_b3_a_r0ck5tar","General Skills",2,350,"Alex Bushkin",20336,未完成,"picoCTF 2019"
81,"like1000","Forensics",2,250,"Danny",9232,未完成,"picoCTF 2019"
80,"Irish-Name-Repo 1","Web Exploitation",2,300,"Chris Hensler",27018,未完成,"picoCTF 2019"
77,"vault-door-5","Reverse Engineering",2,300,"Mark E. Haase",9050,未完成,"picoCTF 2019"
74,"What Lies Within","Forensics",2,150,"Julio/Danny",26822,未完成,"picoCTF 2019"
71,"vault-door-4","Reverse Engineering",2,250,"Mark E. Haase",11431,未完成,"picoCTF 2019"
69,"Client-side-again","Web Exploitation",2,200,"Danny",25084,未完成,"picoCTF 2019"
64,"caesar","Cryptography",2,100,"Sanjay C/Daniel Tunitis",61855,未完成,"picoCTF 2019"
60,"vault-door-3","Reverse Engineering",2,200,"Mark E. Haase",13372,未完成,"picoCTF 2019"
59,"Irish-Name-Repo 2","Web Exploitation",2,350,"Xingyang Pan",19553,未完成,"picoCTF 2019"
53,"c0rrupt","Forensics",2,250,"Danny",6735,未完成,"picoCTF 2019"
52,"extensions","Forensics",2,150,"Sanjay C/Danny",34912,未完成,"picoCTF 2019"
51,"WhitePages","Forensics",2,250,"John Hammond",7648,未完成,"picoCTF 2019"
49,"flag_shop","General Skills",2,300,"Danny",32917,未完成,"picoCTF 2019"
48,"plumbing","General Skills",2,200,"Alex Fulton/Danny Tunitis",53054,未完成,"picoCTF 2019"
45,"vault-door-6","Reverse Engineering",2,350,"Mark E. Haase",7258,未完成,"picoCTF 2019"
43,"Easy1","Cryptography",2,100,"Alex Fulton/Danny",44742,未完成,"picoCTF 2019"
40,"Mr-Worldwide","Cryptography",2,200,"speeeday/Danny",16873,未完成,"picoCTF 2019"
38,"waves over lambda","Cryptography",2,300,"invisibility/Danny",6240,未完成,"picoCTF 2019"
35,"Based","General Skills",2,200,"Alex Fulton/Daniel Tunitis",40668,未完成,"picoCTF 2019"
31,"Flags","Cryptography",2,200,"Danny",27586,未完成,"picoCTF 2019"
30,"shark on wire 1","Forensics",2,150,"Danny",24456,未完成,"picoCTF 2019"
26,"m00nwalk","Forensics",2,250,"Joon",7561,未完成,"picoCTF 2019"
25,"JaWT Scratchpad","Web Exploitation",2,400,"John Hammond",8612,未完成,"picoCTF 2019"
21,"Tapping","Cryptography",2,200,"Danny",23450,未完成,"picoCTF 2019"
20,"asm1","Reverse Engineering",2,200,"Sanjay C",7807,未完成,"picoCTF 2019"
19,"So Meta","Forensics",2,150,"Kevin Cooper/Danny",33706,未完成,"picoCTF 2019"
15,"mus1c","General Skills",2,300,"Danny",33249,未完成,"picoCTF 2019"
12,"vault-door-1","Reverse Engineering",2,100,"Mark E. Haase",35906,未完成,"picoCTF 2019"
9,"picobrowser","Web Exploitation",2,200,"Archit",38490,未完成,"picoCTF 2019"
8,"Irish-Name-Repo 3","Web Exploitation",2,400,"Xingyang Pan",16018,未完成,"picoCTF 2019"
6,"john_pollard","Cryptography",2,500,"Samuel S",7577,未完成,"picoCTF 2019"
3,"la cifra de","Cryptography",2,200,"Alex Fulton/Daniel Tunitis",16332,未完成,"picoCTF 2019"
763,"Heap Havoc","Binary Exploitation",3,200,"Yahaya Meddy",1322,未完成,"picoCTF 2026"
758,"Pizza Router","Binary Exploitation",3,400,"Palash Oswal",588,未完成,"picoCTF 2026"
753,"Reentrance","Blockchain",3,400,"OB",1066,未完成,"picoCTF 2026"
752,"ORDER ORDER","Web Exploitation",3,300,"Darkraicg492",1241,未完成,"picoCTF 2026"
744,"Front_Running","Blockchain",3,300,"OB",1121,未完成,"picoCTF 2026"
741,"Printer Shares 3","General Skills",3,300,"Janice He",1430,未完成,"picoCTF 2026"
738,"offset-cycleV2","Binary Exploitation",3,400,"Aditya Sudhansu",1009,未完成,"picoCTF 2026"
737,"JITFP","Reverse Engineering",3,500,"syreal",597,未完成,"picoCTF 2026"
734,"Printer Shares 2","General Skills",3,200,"Janice He",1263,未完成,"picoCTF 2026"
728,"Secure Dot Product","Cryptography",3,300,"watermelon, Donkey",838,未完成,"picoCTF 2026"
726,"paper-2","Web Exploitation",3,500,"ehhthing",241,未完成,"picoCTF 2026"
709,"MSS_ADVANCE Revenge","Cryptography",3,400,"Cayden (SuperBeetleGamer) Liao",995,未完成,"picoCTF 2026"
700,"Binary Instrumentation 4","Reverse Engineering",3,400,"Darkraicg492",907,未完成,"picoCTF 2026"
699,"Binary Instrumentation 3","Reverse Engineering",3,300,"Darkraicg492",900,未完成,"picoCTF 2026"
496,"secure-email-service","Web Exploitation",3,500,"ehhthing, strellic",670,未完成,"picoCTF 2025"
495,"Ricochet","Cryptography",3,500,"asinghani",92,未完成,"picoCTF 2025"
493,"ChaCha Slide","Cryptography",3,400,"asinghani",408,未完成,"picoCTF 2025"
486,"handoff","Binary Exploitation",3,400,"SkrubLawd",858,未完成,"picoCTF 2025"
478,"Pachinko Revisited","Web Exploitation",3,500,"notdeghost",179,未完成,"picoCTF 2025"
447,"elements","Web Exploitation",3,500,"ehhthing",1167,未完成,"picoCTF 2024"
446,"babygame03","Binary Exploitation",3,400,"Palash Oswal",519,未完成,"picoCTF 2024"
441,"high frequency troubles","Binary Exploitation",3,500,"pepsipu",195,未完成,"picoCTF 2024"
417,"flag_printer","Cryptography",3,500,"ehhthing",369,未完成,"picoCTF 2024"
386,"Virtual Machine 1","Reverse Engineering",3,300,"LT 'syreal' Jones",519,未完成,"picoCTF 2023"
383,"UnforgottenBits","Forensics",3,500,"LT 'syreal' Jones",705,未完成,"picoCTF 2023"
380,"tic-tac","Binary Exploitation",3,200,"Junias Bonou",2039,未完成,"picoCTF 2023"
379,"SRA","Cryptography",3,400,"f0xtr0t",1046,未完成,"picoCTF 2023"
366,"PowerAnalysis: Warmup","Cryptography",3,200,"Anish Singhani",1303,未完成,"picoCTF 2023"
365,"PowerAnalysis: Part 2","Cryptography",3,500,"Anish Singhani",776,未完成,"picoCTF 2023"
364,"PowerAnalysis: Part 1","Cryptography",3,400,"Anish Singhani",736,未完成,"picoCTF 2023"
361,"No way out","Reverse Engineering",3,200,"Kris",2195,未完成,"picoCTF 2023"
360,"msfroggenerator2","Web Exploitation",3,500,"ehhthing",758,未完成,"picoCTF 2023"
354,"Invisible WORDs","Forensics",3,300,"LT 'syreal' Jones",1432,未完成,"picoCTF 2023"
353,"Horsetrack","Binary Exploitation",3,300,"madStacks",212,未完成,"picoCTF 2023"
346,"babygame02","Binary Exploitation",3,200,"Palash Oswal",996,未完成,"picoCTF 2023"
344,"cancri-sp","Web Exploitation",3,500,"NotDeGhost",32,未完成,"picoCTF 2023"
318,"Wizardlike","Reverse Engineering",3,500,"LT 'syreal' Jones",1503,未完成,"picoCTF 2022"
317,"wine","Binary Exploitation",3,300,"Neel Bhavsar",1381,未完成,"picoCTF 2022"
315,"Very Smooth","Cryptography",3,300,"Joshua Inscoe",2322,未完成,"picoCTF 2022"
310,"Sum-O-Primes","Cryptography",3,400,"Joshua Inscoe",3051,未完成,"picoCTF 2022"
306,"stack cache","Binary Exploitation",3,400,"Palash Oswal",1047,未完成,"picoCTF 2022"
302,"solfire","Binary Exploitation",3,500,"notdeghost",32,未完成,"picoCTF 2022"
298,"SideChannel","Forensics",3,400,"Anish Singhani",4114,未完成,"picoCTF 2022"
297,"Sequences","Cryptography",3,400,"Anish Singhani",1742,未完成,"picoCTF 2022"
292,"ropfu","Binary Exploitation",3,300,"Sanjay C / LT 'syreal' Jones",2333,未完成,"picoCTF 2022"
283,"NSA Backdoor","Cryptography",3,500,"Joshua Inscoe",909,未完成,"picoCTF 2022"
282,"noted","Web Exploitation",3,500,"ehhthing",2298,未完成,"picoCTF 2022"
277,"Live Art","Web Exploitation",3,500,"zwad3",342,未完成,"picoCTF 2022"
276,"Keygenme","Reverse Engineering",3,400,"LT 'syreal' Jones",2848,未完成,"picoCTF 2022"
272,"function overwrite","Binary Exploitation",3,400,"Neel Bhavsar",1901,未完成,"picoCTF 2022"
260,"buffer overflow 3","Binary Exploitation",3,300,"Sanjay C / Palash Oswal",2478,未完成,"picoCTF 2022"
222,"not crypto","Reverse Engineering",3,150,"asphyxia",2215,未完成,"picoMini by redpwn"
221,"MATRIX","Reverse Engineering",3,500,"asphyxia",454,未完成,"picoMini by redpwn"
220,"breadth","Reverse Engineering",3,200,"asphyxia",1043,未完成,"picoMini by redpwn"
219,"riscy business","Reverse Engineering",3,350,"asphyxia",502,未完成,"picoMini by redpwn"
218,"vr-school","Binary Exploitation",3,500,"notdeghost",190,未完成,"picoMini by redpwn"
217,"homework","Binary Exploitation",3,400,"tpa",238,未完成,"picoMini by redpwn"
215,"fermat-strings","Binary Exploitation",3,250,"notdeghost",771,未完成,"picoMini by redpwn"
214,"lockdown-horses","Binary Exploitation",3,450,"kfb",323,未完成,"picoMini by redpwn"
213,"SaaS","Binary Exploitation",3,350,"notdeghost",469,未完成,"picoMini by redpwn"
212,"college-rowing-team","Cryptography",3,250,"Boolean",2150,未完成,"picoMini by redpwn"
211,"corrupt-key-2","Cryptography",3,500,"Tux",146,未完成,"picoMini by redpwn"
209,"triple-secure","Cryptography",3,150,"Boolean",2600,未完成,"picoMini by redpwn"
208,"XtraORdinary","Cryptography",3,150,"Boolean",2069,未完成,"picoMini by redpwn"
207,"corrupt-key-1","Cryptography",3,350,"Tux",478,未完成,"picoMini by redpwn"
206,"scrambled-bytes","Forensics",3,200,"kfb",1492,未完成,"picoMini by redpwn"
204,"notepad","Web Exploitation",3,250,"ginkoid",3438,未完成,"picoMini by redpwn"
190,"Bithug","Web Exploitation",3,500,"zwad3",2371,未完成,"picoCTF 2021"
187,"Unsubscriptions Are Free","Binary Exploitation",3,100,"thelshell",2480,未完成,"picoCTF 2021"
185,"X marks the spot","Web Exploitation",3,250,"madStacks",1677,未完成,"picoCTF 2021"
184,"filtered-shellcode","Binary Exploitation",3,160,"madStacks",1020,未完成,"picoCTF 2021"
183,"ARMssembly 4","Reverse Engineering",3,170,"Dylan McGuire",1708,未完成,"picoCTF 2021"
182,"Some Assembly Required 4","Web Exploitation",3,200,"Sears Schulz",1517,未完成,"picoCTF 2021"
181,"Bizz Fuzz","Binary Exploitation",3,80,"madStacks",1283,未完成,"picoCTF 2021"
179,"Here's a LIBC","Binary Exploitation",3,90,"madStacks",2437,未完成,"picoCTF 2021"
178,"Turboflan","Binary Exploitation",3,600,"wparks",157,未完成,"picoCTF 2021"
172,"The Office","Binary Exploitation",3,400,"madStacks",215,未完成,"picoCTF 2021"
171,"gogo","Reverse Engineering",3,110,"thelshell",2031,未完成,"picoCTF 2021"
168,"Kit Engine","Binary Exploitation",3,375,"wparks",471,未完成,"picoCTF 2021"
164,"Stonk Market","Binary Exploitation",3,180,"madStacks",402,未完成,"picoCTF 2021"
153,"Some Assembly Required 3","Web Exploitation",3,150,"Sears Schulz",2233,未完成,"picoCTF 2021"
151,"Rolling My Own","Reverse Engineering",3,300,"Luke Rindels",679,未完成,"picoCTF 2021"
150,"ARMssembly 2","Reverse Engineering",3,90,"Dylan McGuire",3578,未完成,"picoCTF 2021"
149,"Checkpass","Reverse Engineering",3,375,"Jay Bosamiya",405,未完成,"picoCTF 2021"
148,"New Vignere","Cryptography",3,300,"madStacks",1473,未完成,"picoCTF 2021"
146,"Cache Me Outside","Binary Exploitation",3,70,"madStacks",2503,未完成,"picoCTF 2021"
141,"Very very very Hidden","Forensics",3,300,"Sara",2621,未完成,"picoCTF 2021"
140,"Double DES","Cryptography",3,120,"madStacks",1911,未完成,"picoCTF 2021"
136,"Clouds","Cryptography",3,500,"madStacks",117,未完成,"picoCTF 2021"
135,"Download Horsepower","Binary Exploitation",3,450,"wparks",187,未完成,"picoCTF 2021"
127,"Compress and Attack","Cryptography",3,130,"Jake Beley",2324,未完成,"picoCTF 2021"
123,"It's Not My Fault 1","Cryptography",3,100,"rkm0959",1419,未完成,"picoCTF 2021"
122,"Easy as GDB","Reverse Engineering",3,160,"McKade",1070,未完成,"picoCTF 2021"
119,"Powershelly","Reverse Engineering",3,180,"Sara",1005,未完成,"picoCTF 2021"
117,"Surfing the Waves","Forensics",3,150,"William Batista",2305,未完成,"picoCTF 2021"
114,"Play Nice","Cryptography",3,110,"madStacks",3268,未完成,"picoCTF 2021"
107,"Scrambled: RSA","Cryptography",3,140,"Sara",1097,未完成,"picoCTF 2021"
106,"ARMssembly 3","Reverse Engineering",3,130,"Dylan McGuire",2112,未完成,"picoCTF 2021"
102,"Let's get dynamic","Reverse Engineering",3,150,"Ryan Ramseyer",1578,未完成,"picoCTF 2021"
92,"OTP Implementation","Reverse Engineering",3,300,"madStacks",1010,未完成,"picoCTF 2020 Mini-Competition"
89,"Guessing Game 2","Binary Exploitation",3,250,"madStacks",571,未完成,"picoCTF 2020 Mini-Competition"
83,"Investigative Reversing 3","Forensics",3,400,"Santiago C/Danny T",912,未完成,"picoCTF 2019"
79,"reverse_cipher","Reverse Engineering",3,300,"Danny Tunitis",2532,未完成,"picoCTF 2019"
78,"b00tl3gRSA3","Cryptography",3,450,"invisibility",1964,未完成,"picoCTF 2019"
76,"AES-ABC","Cryptography",3,400,"waituckw",2359,未完成,"picoCTF 2019"
75,"zero_to_hero","Binary Exploitation",3,500,"Claude",272,未完成,"picoCTF 2019"
73,"miniRSA","Cryptography",3,300,"speeeday/Danny",6300,未完成,"picoCTF 2019"
72,"asm3","Reverse Engineering",3,300,"Sanjay C",2199,未完成,"picoCTF 2019"
70,"Investigative Reversing 0","Forensics",3,300,"Danny Tunitis",2532,未完成,"picoCTF 2019"
65,"vault-door-7","Reverse Engineering",3,400,"Mark E. Haase",5398,未完成,"picoCTF 2019"
63,"droids2","Reverse Engineering",3,400,"Jason",2682,未完成,"picoCTF 2019"
61,"rsa-pop-quiz","Cryptography",3,200,"wparks/nmontierth",4259,未完成,"picoCTF 2019"
57,"B1ll_Gat35","Reverse Engineering",3,400,"Alex Bushkin",1271,未完成,"picoCTF 2019"
56,"B1g_Mac","Forensics",3,500,"Santiago C",3367,未完成,"picoCTF 2019"
55,"sice_cream","Binary Exploitation",3,500,"Samuel",136,未完成,"picoCTF 2019"
54,"Investigative Reversing 4","Forensics",3,400,"Santiago C/Danny T",1374,未完成,"picoCTF 2019"
50,"seed-sPRiNG","Binary Exploitation",3,350,"John Hammond",857,未完成,"picoCTF 2019"
47,"investigation_encoded_1","Forensics",3,450,"Santiago C",405,未完成,"picoCTF 2019"
42,"WebNet1","Forensics",3,450,"Jason",5964,未完成,"picoCTF 2019"
39,"Need For Speed","Reverse Engineering",3,400,"Alexander Bushkin",1788,未完成,"picoCTF 2019"
36,"investigation_encoded_2","Forensics",3,500,"Santiago C",342,未完成,"picoCTF 2019"
33,"Java Script Kiddie 2","Web Exploitation",3,450,"John Johnson",1204,未完成,"picoCTF 2019"
32,"WebNet0","Forensics",3,350,"Jason",6753,未完成,"picoCTF 2019"
29,"Java Script Kiddie","Web Exploitation",3,400,"John Johnson",2607,未完成,"picoCTF 2019"
28,"m00nwalk2","Forensics",3,300,"Joon",4528,未完成,"picoCTF 2019"
27,"Investigative Reversing 1","Forensics",3,350,"Danny Tunitis",1575,未完成,"picoCTF 2019"
24,"Forky","Reverse Engineering",3,500,"Samuel",3422,未完成,"picoCTF 2019"
23,"droids3","Reverse Engineering",3,450,"Jason",2626,未完成,"picoCTF 2019"
17,"droids4","Reverse Engineering",3,500,"Jason",2906,未完成,"picoCTF 2019"
16,"asm2","Reverse Engineering",3,250,"Sanjay C",3933,未完成,"picoCTF 2019"
14,"droids1","Reverse Engineering",3,350,"Jason",2900,未完成,"picoCTF 2019"
13,"Investigative Reversing 2","Forensics",3,350,"Santiago C/Danny Tunitis",1108,未完成,"picoCTF 2019"
11,"droids0","Reverse Engineering",3,300,"Jason",3424,未完成,"picoCTF 2019"
10,"vault-door-8","Reverse Engineering",3,450,"Mark E. Haase",4193,未完成,"picoCTF 2019"
5,"asm4","Reverse Engineering",3,400,"Sanjay C",1422,未完成,"picoCTF 2019"
2,"b00tl3gRSA2","Cryptography",3,400,"invisibility",4090,未完成,"picoCTF 2019"
