Topic,Title,Tier,Difficulty,URL,Slug
SQL Injection,SQL injection vulnerability in WHERE clause allowing retrieval of hidden data,🟢 FREE,Apprentice,https://portswigger.net/web-security/sql-injection/lab-retrieve-hidden-data,lab-retrieve-hidden-data
SQL Injection,SQL injection vulnerability allowing login bypass,🟢 FREE,Apprentice,https://portswigger.net/web-security/sql-injection/lab-login-bypass,lab-login-bypass
SQL Injection,"SQL injection attack, querying the database type and version on Oracle",🟢 FREE,Practitioner,https://portswigger.net/web-security/sql-injection/examining-the-database/lab-querying-database-version-oracle,lab-querying-database-version-oracle
SQL Injection,"SQL injection attack, querying the database type and version on MySQL and Microsoft",🟢 FREE,Practitioner,https://portswigger.net/web-security/sql-injection/examining-the-database/lab-querying-database-version-mysql-microsoft,lab-querying-database-version-mysql-microsoft
SQL Injection,"SQL injection attack, listing the database contents on non-Oracle databases",🟢 FREE,Practitioner,https://portswigger.net/web-security/sql-injection/examining-the-database/lab-listing-database-contents-non-oracle,lab-listing-database-contents-non-oracle
SQL Injection,"SQL injection attack, listing the database contents on Oracle",🟢 FREE,Practitioner,https://portswigger.net/web-security/sql-injection/examining-the-database/lab-listing-database-contents-oracle,lab-listing-database-contents-oracle
SQL Injection,"SQL injection UNION attack, determining the number of columns returned by the query",🟢 FREE,Practitioner,https://portswigger.net/web-security/sql-injection/union-attacks/lab-determine-number-of-columns,lab-determine-number-of-columns
SQL Injection,"SQL injection UNION attack, finding a column containing text",🟢 FREE,Practitioner,https://portswigger.net/web-security/sql-injection/union-attacks/lab-find-column-containing-text,lab-find-column-containing-text
SQL Injection,"SQL injection UNION attack, retrieving data from other tables",🟢 FREE,Practitioner,https://portswigger.net/web-security/sql-injection/union-attacks/lab-retrieve-data-from-other-tables,lab-retrieve-data-from-other-tables
SQL Injection,"SQL injection UNION attack, retrieving multiple values in a single column",🟢 FREE,Practitioner,https://portswigger.net/web-security/sql-injection/union-attacks/lab-retrieve-multiple-values-in-single-column,lab-retrieve-multiple-values-in-single-column
SQL Injection,Blind SQL injection with conditional responses,🟢 FREE,Practitioner,https://portswigger.net/web-security/sql-injection/blind/lab-conditional-responses,lab-conditional-responses
SQL Injection,Blind SQL injection with conditional errors,🟢 FREE,Practitioner,https://portswigger.net/web-security/sql-injection/blind/lab-conditional-errors,lab-conditional-errors
SQL Injection,Visible error-based SQL injection,🟢 FREE,Practitioner,https://portswigger.net/web-security/sql-injection/blind/lab-sql-injection-visible-error-based,lab-sql-injection-visible-error-based
SQL Injection,Blind SQL injection with time delays,🟢 FREE,Practitioner,https://portswigger.net/web-security/sql-injection/blind/lab-time-delays,lab-time-delays
SQL Injection,Blind SQL injection with time delays and information retrieval,🟢 FREE,Practitioner,https://portswigger.net/web-security/sql-injection/blind/lab-time-delays-info-retrieval,lab-time-delays-info-retrieval
SQL Injection,Blind SQL injection with out-of-band interaction,🟢 FREE,Practitioner,https://portswigger.net/web-security/sql-injection/blind/lab-out-of-band,lab-out-of-band
SQL Injection,Blind SQL injection with out-of-band data exfiltration,🟢 FREE,Practitioner,https://portswigger.net/web-security/sql-injection/blind/lab-out-of-band-data-exfiltration,lab-out-of-band-data-exfiltration
SQL Injection,SQL injection with filter bypass via XML encoding,🟢 FREE,Practitioner,https://portswigger.net/web-security/sql-injection/lab-sql-injection-with-filter-bypass-via-xml-encoding,lab-sql-injection-with-filter-bypass-via-xml-encoding
OS Command Injection,"OS command injection, simple case",🟢 FREE,Apprentice,https://portswigger.net/web-security/os-command-injection/lab-simple,lab-simple
OS Command Injection,Blind OS command injection with time delays,🟢 FREE,Practitioner,https://portswigger.net/web-security/os-command-injection/lab-blind-time-delays,lab-blind-time-delays
OS Command Injection,Blind OS command injection with output redirection,🟢 FREE,Practitioner,https://portswigger.net/web-security/os-command-injection/lab-blind-output-redirection,lab-blind-output-redirection
OS Command Injection,Blind OS command injection with out-of-band interaction,🟢 FREE,Practitioner,https://portswigger.net/web-security/os-command-injection/lab-blind-out-of-band,lab-blind-out-of-band
OS Command Injection,Blind OS command injection with out-of-band data exfiltration,🟢 FREE,Practitioner,https://portswigger.net/web-security/os-command-injection/lab-blind-out-of-band-data-exfiltration,lab-blind-out-of-band-data-exfiltration
Path Traversal,"File path traversal, simple case",🟢 FREE,Apprentice,https://portswigger.net/web-security/file-path-traversal/lab-simple,lab-simple
Path Traversal,"File path traversal, traversal sequences blocked with absolute path bypass",🟢 FREE,Practitioner,https://portswigger.net/web-security/file-path-traversal/lab-absolute-path-bypass,lab-absolute-path-bypass
Path Traversal,"File path traversal, traversal sequences stripped non-recursively",🟢 FREE,Practitioner,https://portswigger.net/web-security/file-path-traversal/lab-sequences-stripped-non-recursively,lab-sequences-stripped-non-recursively
Path Traversal,"File path traversal, traversal sequences stripped with superfluous URL-decode",🟢 FREE,Practitioner,https://portswigger.net/web-security/file-path-traversal/lab-superfluous-url-decode,lab-superfluous-url-decode
Path Traversal,"File path traversal, validation of start of path",🟢 FREE,Practitioner,https://portswigger.net/web-security/file-path-traversal/lab-validate-start-of-path,lab-validate-start-of-path
Path Traversal,"File path traversal, validation of file extension with null byte bypass",🟢 FREE,Practitioner,https://portswigger.net/web-security/file-path-traversal/lab-validate-file-extension-null-byte-bypass,lab-validate-file-extension-null-byte-bypass
Information Disclosure,Information disclosure in error messages,🟢 FREE,Apprentice,https://portswigger.net/web-security/information-disclosure/exploiting/lab-infoleak-in-error-messages,lab-infoleak-in-error-messages
Information Disclosure,Information disclosure on debug page,🟢 FREE,Apprentice,https://portswigger.net/web-security/information-disclosure/exploiting/lab-infoleak-on-debug-page,lab-infoleak-on-debug-page
Information Disclosure,Source code disclosure via backup files,🟢 FREE,Apprentice,https://portswigger.net/web-security/information-disclosure/exploiting/lab-infoleak-via-backup-files,lab-infoleak-via-backup-files
Information Disclosure,Authentication bypass via information disclosure,🟢 FREE,Apprentice,https://portswigger.net/web-security/information-disclosure/exploiting/lab-infoleak-authentication-bypass,lab-infoleak-authentication-bypass
Information Disclosure,Information disclosure in version control history,🟢 FREE,Practitioner,https://portswigger.net/web-security/information-disclosure/exploiting/lab-infoleak-in-version-control-history,lab-infoleak-in-version-control-history
Authentication,Username enumeration via different responses,🟢 FREE,Apprentice,https://portswigger.net/web-security/authentication/password-based/lab-username-enumeration-via-different-responses,lab-username-enumeration-via-different-responses
Authentication,2FA simple bypass,🟢 FREE,Apprentice,https://portswigger.net/web-security/authentication/multi-factor/lab-2fa-simple-bypass,lab-2fa-simple-bypass
Authentication,Password reset broken logic,🟢 FREE,Apprentice,https://portswigger.net/web-security/authentication/other-mechanisms/lab-password-reset-broken-logic,lab-password-reset-broken-logic
Authentication,Username enumeration via subtly different responses,🟢 FREE,Practitioner,https://portswigger.net/web-security/authentication/password-based/lab-username-enumeration-via-subtly-different-responses,lab-username-enumeration-via-subtly-different-responses
Authentication,Username enumeration via response timing,🟢 FREE,Practitioner,https://portswigger.net/web-security/authentication/password-based/lab-username-enumeration-via-response-timing,lab-username-enumeration-via-response-timing
Authentication,"Broken brute-force protection, IP block",🟢 FREE,Practitioner,https://portswigger.net/web-security/authentication/password-based/lab-broken-bruteforce-protection-ip-block,lab-broken-bruteforce-protection-ip-block
Authentication,Username enumeration via account lock,🟢 FREE,Practitioner,https://portswigger.net/web-security/authentication/password-based/lab-username-enumeration-via-account-lock,lab-username-enumeration-via-account-lock
Authentication,2FA broken logic,🟢 FREE,Practitioner,https://portswigger.net/web-security/authentication/multi-factor/lab-2fa-broken-logic,lab-2fa-broken-logic
Authentication,Brute-forcing a stay-logged-in cookie,🟢 FREE,Practitioner,https://portswigger.net/web-security/authentication/other-mechanisms/lab-brute-forcing-a-stay-logged-in-cookie,lab-brute-forcing-a-stay-logged-in-cookie
Authentication,Offline password cracking,🟢 FREE,Practitioner,https://portswigger.net/web-security/authentication/other-mechanisms/lab-offline-password-cracking,lab-offline-password-cracking
Authentication,Password reset poisoning via middleware,🟢 FREE,Practitioner,https://portswigger.net/web-security/authentication/other-mechanisms/lab-password-reset-poisoning-via-middleware,lab-password-reset-poisoning-via-middleware
Authentication,Password brute-force via password change,🟢 FREE,Practitioner,https://portswigger.net/web-security/authentication/other-mechanisms/lab-password-brute-force-via-password-change,lab-password-brute-force-via-password-change
Authentication,"Broken brute-force protection, multiple credentials per request",🟢 FREE,Expert,https://portswigger.net/web-security/authentication/password-based/lab-broken-brute-force-protection-multiple-credentials-per-request,lab-broken-brute-force-protection-multiple-credentials-per-request
Authentication,2FA bypass using a brute-force attack,🟢 FREE,Expert,https://portswigger.net/web-security/authentication/multi-factor/lab-2fa-bypass-using-a-brute-force-attack,lab-2fa-bypass-using-a-brute-force-attack
Access Control,Unprotected admin functionality,🟢 FREE,Apprentice,https://portswigger.net/web-security/access-control/lab-unprotected-admin-functionality,lab-unprotected-admin-functionality
Access Control,Unprotected admin functionality with unpredictable URL,🟢 FREE,Apprentice,https://portswigger.net/web-security/access-control/lab-unprotected-admin-functionality-with-unpredictable-url,lab-unprotected-admin-functionality-with-unpredictable-url
Access Control,User role controlled by request parameter,🟢 FREE,Apprentice,https://portswigger.net/web-security/access-control/lab-user-role-controlled-by-request-parameter,lab-user-role-controlled-by-request-parameter
Access Control,User role can be modified in user profile,🟢 FREE,Apprentice,https://portswigger.net/web-security/access-control/lab-user-role-can-be-modified-in-user-profile,lab-user-role-can-be-modified-in-user-profile
Access Control,User ID controlled by request parameter,🟢 FREE,Apprentice,https://portswigger.net/web-security/access-control/lab-user-id-controlled-by-request-parameter,lab-user-id-controlled-by-request-parameter
Access Control,"User ID controlled by request parameter, with unpredictable user IDs",🟢 FREE,Apprentice,https://portswigger.net/web-security/access-control/lab-user-id-controlled-by-request-parameter-with-unpredictable-user-ids,lab-user-id-controlled-by-request-parameter-with-unpredictable-user-ids
Access Control,User ID controlled by request parameter with data leakage in redirect,🟢 FREE,Apprentice,https://portswigger.net/web-security/access-control/lab-user-id-controlled-by-request-parameter-with-data-leakage-in-redirect,lab-user-id-controlled-by-request-parameter-with-data-leakage-in-redirect
Access Control,User ID controlled by request parameter with password disclosure,🟢 FREE,Apprentice,https://portswigger.net/web-security/access-control/lab-user-id-controlled-by-request-parameter-with-password-disclosure,lab-user-id-controlled-by-request-parameter-with-password-disclosure
Access Control,Insecure direct object references,🟢 FREE,Apprentice,https://portswigger.net/web-security/access-control/lab-insecure-direct-object-references,lab-insecure-direct-object-references
Access Control,URL-based access control can be circumvented,🟢 FREE,Practitioner,https://portswigger.net/web-security/access-control/lab-url-based-access-control-can-be-circumvented,lab-url-based-access-control-can-be-circumvented
Access Control,Method-based access control can be circumvented,🟢 FREE,Practitioner,https://portswigger.net/web-security/access-control/lab-method-based-access-control-can-be-circumvented,lab-method-based-access-control-can-be-circumvented
Access Control,Multi-step process with no access control on one step,🟢 FREE,Practitioner,https://portswigger.net/web-security/access-control/lab-multi-step-process-with-no-access-control-on-one-step,lab-multi-step-process-with-no-access-control-on-one-step
Access Control,Referer-based access control,🟢 FREE,Practitioner,https://portswigger.net/web-security/access-control/lab-referer-based-access-control,lab-referer-based-access-control
Business Logic Vulnerabilities,Excessive trust in client-side controls,🟢 FREE,Apprentice,https://portswigger.net/web-security/logic-flaws/examples/lab-logic-flaws-excessive-trust-in-client-side-controls,lab-logic-flaws-excessive-trust-in-client-side-controls
Business Logic Vulnerabilities,High-level logic vulnerability,🟢 FREE,Apprentice,https://portswigger.net/web-security/logic-flaws/examples/lab-logic-flaws-high-level,lab-logic-flaws-high-level
Business Logic Vulnerabilities,Inconsistent security controls,🟢 FREE,Apprentice,https://portswigger.net/web-security/logic-flaws/examples/lab-logic-flaws-inconsistent-security-controls,lab-logic-flaws-inconsistent-security-controls
Business Logic Vulnerabilities,Flawed enforcement of business rules,🟢 FREE,Apprentice,https://portswigger.net/web-security/logic-flaws/examples/lab-logic-flaws-flawed-enforcement-of-business-rules,lab-logic-flaws-flawed-enforcement-of-business-rules
Business Logic Vulnerabilities,Low-level logic flaw,🟢 FREE,Practitioner,https://portswigger.net/web-security/logic-flaws/examples/lab-logic-flaws-low-level,lab-logic-flaws-low-level
Business Logic Vulnerabilities,Inconsistent handling of exceptional input,🟢 FREE,Practitioner,https://portswigger.net/web-security/logic-flaws/examples/lab-logic-flaws-inconsistent-handling-of-exceptional-input,lab-logic-flaws-inconsistent-handling-of-exceptional-input
Business Logic Vulnerabilities,Weak isolation on dual-use endpoint,🟢 FREE,Practitioner,https://portswigger.net/web-security/logic-flaws/examples/lab-logic-flaws-weak-isolation-on-dual-use-endpoint,lab-logic-flaws-weak-isolation-on-dual-use-endpoint
Business Logic Vulnerabilities,Insufficient workflow validation,🟢 FREE,Practitioner,https://portswigger.net/web-security/logic-flaws/examples/lab-logic-flaws-insufficient-workflow-validation,lab-logic-flaws-insufficient-workflow-validation
Business Logic Vulnerabilities,Authentication bypass via flawed state machine,🟢 FREE,Practitioner,https://portswigger.net/web-security/logic-flaws/examples/lab-logic-flaws-authentication-bypass-via-flawed-state-machine,lab-logic-flaws-authentication-bypass-via-flawed-state-machine
Business Logic Vulnerabilities,Infinite money logic flaw,🟢 FREE,Practitioner,https://portswigger.net/web-security/logic-flaws/examples/lab-logic-flaws-infinite-money,lab-logic-flaws-infinite-money
Business Logic Vulnerabilities,Authentication bypass via encryption oracle,🟢 FREE,Practitioner,https://portswigger.net/web-security/logic-flaws/examples/lab-logic-flaws-authentication-bypass-via-encryption-oracle,lab-logic-flaws-authentication-bypass-via-encryption-oracle
Business Logic Vulnerabilities,Bypassing access controls using email address parsing discrepancies,🟢 FREE,Expert,https://portswigger.net/web-security/logic-flaws/examples/lab-logic-flaws-bypassing-access-controls-using-email-address-parsing-discrepancies,lab-logic-flaws-bypassing-access-controls-using-email-address-parsing-discrepancies
File Upload Vulnerabilities,Remote code execution via web shell upload,🟢 FREE,Apprentice,https://portswigger.net/web-security/file-upload/lab-file-upload-remote-code-execution-via-web-shell-upload,lab-file-upload-remote-code-execution-via-web-shell-upload
File Upload Vulnerabilities,Web shell upload via Content-Type restriction bypass,🟢 FREE,Apprentice,https://portswigger.net/web-security/file-upload/lab-file-upload-web-shell-upload-via-content-type-restriction-bypass,lab-file-upload-web-shell-upload-via-content-type-restriction-bypass
File Upload Vulnerabilities,Web shell upload via path traversal,🟢 FREE,Practitioner,https://portswigger.net/web-security/file-upload/lab-file-upload-web-shell-upload-via-path-traversal,lab-file-upload-web-shell-upload-via-path-traversal
File Upload Vulnerabilities,Web shell upload via extension blacklist bypass,🟢 FREE,Practitioner,https://portswigger.net/web-security/file-upload/lab-file-upload-web-shell-upload-via-extension-blacklist-bypass,lab-file-upload-web-shell-upload-via-extension-blacklist-bypass
File Upload Vulnerabilities,Web shell upload via obfuscated file extension,🟢 FREE,Practitioner,https://portswigger.net/web-security/file-upload/lab-file-upload-web-shell-upload-via-obfuscated-file-extension,lab-file-upload-web-shell-upload-via-obfuscated-file-extension
File Upload Vulnerabilities,Remote code execution via polyglot web shell upload,🟢 FREE,Practitioner,https://portswigger.net/web-security/file-upload/lab-file-upload-remote-code-execution-via-polyglot-web-shell-upload,lab-file-upload-remote-code-execution-via-polyglot-web-shell-upload
File Upload Vulnerabilities,Web shell upload via race condition,🟢 FREE,Expert,https://portswigger.net/web-security/file-upload/lab-file-upload-web-shell-upload-via-race-condition,lab-file-upload-web-shell-upload-via-race-condition
SSRF,Basic SSRF against the local server,🟢 FREE,Apprentice,https://portswigger.net/web-security/ssrf/lab-basic-ssrf-against-localhost,lab-basic-ssrf-against-localhost
SSRF,Basic SSRF against another back-end system,🟢 FREE,Apprentice,https://portswigger.net/web-security/ssrf/lab-basic-ssrf-against-backend-system,lab-basic-ssrf-against-backend-system
SSRF,Blind SSRF with out-of-band detection,🟢 FREE,Practitioner,https://portswigger.net/web-security/ssrf/blind/lab-out-of-band-detection,lab-out-of-band-detection
SSRF,SSRF with blacklist-based input filter,🟢 FREE,Practitioner,https://portswigger.net/web-security/ssrf/lab-ssrf-with-blacklist-filter,lab-ssrf-with-blacklist-filter
SSRF,SSRF with filter bypass via open redirection vulnerability,🟢 FREE,Practitioner,https://portswigger.net/web-security/ssrf/lab-ssrf-filter-bypass-via-open-redirection,lab-ssrf-filter-bypass-via-open-redirection
SSRF,Blind SSRF with Shellshock exploitation,🟢 FREE,Expert,https://portswigger.net/web-security/ssrf/blind/lab-shellshock-exploitation,lab-shellshock-exploitation
SSRF,SSRF with whitelist-based input filter,🟢 FREE,Expert,https://portswigger.net/web-security/ssrf/lab-ssrf-with-whitelist-filter,lab-ssrf-with-whitelist-filter
XXE Injection,Exploiting XXE using external entities to retrieve files,🟢 FREE,Apprentice,https://portswigger.net/web-security/xxe/lab-exploiting-xxe-to-retrieve-files,lab-exploiting-xxe-to-retrieve-files
XXE Injection,Exploiting XXE to perform SSRF attacks,🟢 FREE,Apprentice,https://portswigger.net/web-security/xxe/lab-exploiting-xxe-to-perform-ssrf,lab-exploiting-xxe-to-perform-ssrf
XXE Injection,Blind XXE with out-of-band interaction,🟢 FREE,Practitioner,https://portswigger.net/web-security/xxe/blind/lab-xxe-with-out-of-band-interaction,lab-xxe-with-out-of-band-interaction
XXE Injection,Blind XXE with out-of-band interaction via XML parameter entities,🟢 FREE,Practitioner,https://portswigger.net/web-security/xxe/blind/lab-xxe-with-out-of-band-interaction-using-parameter-entities,lab-xxe-with-out-of-band-interaction-using-parameter-entities
XXE Injection,Exploiting blind XXE to exfiltrate data using a malicious external DTD,🟢 FREE,Practitioner,https://portswigger.net/web-security/xxe/blind/lab-xxe-with-out-of-band-exfiltration,lab-xxe-with-out-of-band-exfiltration
XXE Injection,Exploiting blind XXE to retrieve data via error messages,🟢 FREE,Practitioner,https://portswigger.net/web-security/xxe/blind/lab-xxe-with-data-retrieval-via-error-messages,lab-xxe-with-data-retrieval-via-error-messages
XXE Injection,Exploiting XInclude to retrieve files,🟢 FREE,Practitioner,https://portswigger.net/web-security/xxe/lab-xinclude-attack,lab-xinclude-attack
XXE Injection,Exploiting XXE via image file upload,🟢 FREE,Practitioner,https://portswigger.net/web-security/xxe/lab-xxe-via-file-upload,lab-xxe-via-file-upload
XXE Injection,Exploiting XXE to retrieve data by repurposing a local DTD,🟢 FREE,Expert,https://portswigger.net/web-security/xxe/blind/lab-xxe-trigger-error-message-by-repurposing-local-dtd,lab-xxe-trigger-error-message-by-repurposing-local-dtd
CSRF,CSRF vulnerability with no defenses,🟢 FREE,Apprentice,https://portswigger.net/web-security/csrf/lab-no-defenses,lab-no-defenses
CSRF,CSRF where token validation depends on request method,🟢 FREE,Practitioner,https://portswigger.net/web-security/csrf/bypassing-token-validation/lab-token-validation-depends-on-request-method,lab-token-validation-depends-on-request-method
CSRF,CSRF where token validation depends on token being present,🟢 FREE,Practitioner,https://portswigger.net/web-security/csrf/bypassing-token-validation/lab-token-validation-depends-on-token-being-present,lab-token-validation-depends-on-token-being-present
CSRF,CSRF where token is not tied to user session,🟢 FREE,Practitioner,https://portswigger.net/web-security/csrf/bypassing-token-validation/lab-token-not-tied-to-user-session,lab-token-not-tied-to-user-session
CSRF,CSRF where token is tied to non-session cookie,🟢 FREE,Practitioner,https://portswigger.net/web-security/csrf/bypassing-token-validation/lab-token-tied-to-non-session-cookie,lab-token-tied-to-non-session-cookie
CSRF,CSRF where token is duplicated in cookie,🟢 FREE,Practitioner,https://portswigger.net/web-security/csrf/bypassing-token-validation/lab-token-duplicated-in-cookie,lab-token-duplicated-in-cookie
CSRF,SameSite Lax bypass via method override,🟢 FREE,Practitioner,https://portswigger.net/web-security/csrf/bypassing-samesite-restrictions/lab-samesite-lax-bypass-via-method-override,lab-samesite-lax-bypass-via-method-override
CSRF,SameSite Strict bypass via client-side redirect,🟢 FREE,Practitioner,https://portswigger.net/web-security/csrf/bypassing-samesite-restrictions/lab-samesite-strict-bypass-via-client-side-redirect,lab-samesite-strict-bypass-via-client-side-redirect
CSRF,SameSite Strict bypass via sibling domain,🟢 FREE,Practitioner,https://portswigger.net/web-security/csrf/bypassing-samesite-restrictions/lab-samesite-strict-bypass-via-sibling-domain,lab-samesite-strict-bypass-via-sibling-domain
CSRF,SameSite Lax bypass via cookie refresh,🟢 FREE,Practitioner,https://portswigger.net/web-security/csrf/bypassing-samesite-restrictions/lab-samesite-strict-bypass-via-cookie-refresh,lab-samesite-strict-bypass-via-cookie-refresh
CSRF,CSRF where Referer validation depends on header being present,🟢 FREE,Practitioner,https://portswigger.net/web-security/csrf/bypassing-referer-based-defenses/lab-referer-validation-depends-on-header-being-present,lab-referer-validation-depends-on-header-being-present
CSRF,CSRF with broken Referer validation,🟢 FREE,Practitioner,https://portswigger.net/web-security/csrf/bypassing-referer-based-defenses/lab-referer-validation-broken,lab-referer-validation-broken
XSS — Apprentice 只,Reflected XSS into HTML context with nothing encoded,🟢 FREE,Practitioner,https://portswigger.net/web-security/cross-site-scripting/reflected/lab-html-context-nothing-encoded,lab-html-context-nothing-encoded
XSS — Apprentice 只,Stored XSS into HTML context with nothing encoded,🟢 FREE,Practitioner,https://portswigger.net/web-security/cross-site-scripting/stored/lab-html-context-nothing-encoded,lab-html-context-nothing-encoded
XSS — Apprentice 只,DOM XSS in document.write sink using source location.search,🟢 FREE,Practitioner,https://portswigger.net/web-security/cross-site-scripting/dom-based/lab-document-write-sink,lab-document-write-sink
XSS — Apprentice 只,DOM XSS in innerHTML sink using source location.search,🟢 FREE,Practitioner,https://portswigger.net/web-security/cross-site-scripting/dom-based/lab-innerhtml-sink,lab-innerhtml-sink
XSS — Apprentice 只,DOM XSS in jQuery anchor href attribute sink using location.search source,🟢 FREE,Practitioner,https://portswigger.net/web-security/cross-site-scripting/dom-based/lab-jquery-href-attribute-sink,lab-jquery-href-attribute-sink
XSS — Apprentice 只,DOM XSS in jQuery selector sink using a hashchange event,🟢 FREE,Practitioner,https://portswigger.net/web-security/cross-site-scripting/dom-based/lab-jquery-selector-hash-change-event,lab-jquery-selector-hash-change-event
XSS — Apprentice 只,Reflected XSS into attribute with angle brackets HTML-encoded,🟢 FREE,Practitioner,https://portswigger.net/web-security/cross-site-scripting/contexts/lab-attribute-angle-brackets-html-encoded,lab-attribute-angle-brackets-html-encoded
XSS — Apprentice 只,Stored XSS into anchor href attribute with double quotes HTML-encoded,🟢 FREE,Practitioner,https://portswigger.net/web-security/cross-site-scripting/contexts/lab-href-attribute-double-quotes-html-encoded,lab-href-attribute-double-quotes-html-encoded
XSS — Apprentice 只,Reflected XSS into a JavaScript string with angle brackets HTML encoded,🟢 FREE,Practitioner,https://portswigger.net/web-security/cross-site-scripting/contexts/lab-javascript-string-angle-brackets-html-encoded,lab-javascript-string-angle-brackets-html-encoded
XSS — Practitioner,DOM XSS in document.write sink using source location.search inside a select element,🟢 FREE,Practitioner,https://portswigger.net/web-security/cross-site-scripting/dom-based/lab-document-write-sink-inside-select-element,lab-document-write-sink-inside-select-element
XSS — Practitioner,DOM XSS in AngularJS expression with angle brackets and double quotes HTML-encoded,🟢 FREE,Practitioner,https://portswigger.net/web-security/cross-site-scripting/dom-based/lab-angularjs-expression,lab-angularjs-expression
XSS — Practitioner,Reflected DOM XSS,🟢 FREE,Practitioner,https://portswigger.net/web-security/cross-site-scripting/dom-based/lab-dom-xss-reflected,lab-dom-xss-reflected
XSS — Practitioner,Stored DOM XSS,🟢 FREE,Practitioner,https://portswigger.net/web-security/cross-site-scripting/dom-based/lab-dom-xss-stored,lab-dom-xss-stored
XSS — Practitioner,Reflected XSS into HTML context with most tags and attributes blocked,🟢 FREE,Practitioner,https://portswigger.net/web-security/cross-site-scripting/contexts/lab-html-context-with-most-tags-and-attributes-blocked,lab-html-context-with-most-tags-and-attributes-blocked
XSS — Practitioner,Reflected XSS into HTML context with all tags blocked except custom ones,🟢 FREE,Practitioner,https://portswigger.net/web-security/cross-site-scripting/contexts/lab-html-context-with-all-standard-tags-blocked,lab-html-context-with-all-standard-tags-blocked
XSS — Practitioner,Reflected XSS with some SVG markup allowed,🟢 FREE,Practitioner,https://portswigger.net/web-security/cross-site-scripting/contexts/lab-some-svg-markup-allowed,lab-some-svg-markup-allowed
XSS — Practitioner,Reflected XSS in canonical link tag,🟢 FREE,Practitioner,https://portswigger.net/web-security/cross-site-scripting/contexts/lab-canonical-link-tag,lab-canonical-link-tag
XSS — Practitioner,Reflected XSS into a JavaScript string with single quote and backslash escaped,🟢 FREE,Practitioner,https://portswigger.net/web-security/cross-site-scripting/contexts/lab-javascript-string-single-quote-backslash-escaped,lab-javascript-string-single-quote-backslash-escaped
XSS — Practitioner,Reflected XSS into a JavaScript string with angle brackets and double quotes HTML-encoded and single quotes escaped,🟢 FREE,Practitioner,https://portswigger.net/web-security/cross-site-scripting/contexts/lab-javascript-string-angle-brackets-double-quotes-encoded-single-quotes-escaped,lab-javascript-string-angle-brackets-double-quotes-encoded-single-quotes-escaped
XSS — Practitioner,Stored XSS into onclick event with angle brackets and double quotes HTML-encoded and single quotes and backslash escaped,🟢 FREE,Practitioner,https://portswigger.net/web-security/cross-site-scripting/contexts/lab-onclick-event-angle-brackets-double-quotes-html-encoded-single-quotes-backslash-escaped,lab-onclick-event-angle-brackets-double-quotes-html-encoded-single-quotes-backslash-escaped
XSS — Practitioner,"Reflected XSS into a template literal with angle brackets, single, double quotes, backslash and backticks Unicode-escaped",🟢 FREE,Practitioner,https://portswigger.net/web-security/cross-site-scripting/contexts/lab-javascript-template-literal-angle-brackets-single-double-quotes-backslash-backticks-escaped,lab-javascript-template-literal-angle-brackets-single-double-quotes-backslash-backticks-escaped
XSS — Practitioner,Exploiting cross-site scripting to steal cookies,🟢 FREE,Practitioner,https://portswigger.net/web-security/cross-site-scripting/exploiting/lab-stealing-cookies,lab-stealing-cookies
XSS — Practitioner,Exploiting cross-site scripting to capture passwords,🟢 FREE,Practitioner,https://portswigger.net/web-security/cross-site-scripting/exploiting/lab-capturing-passwords,lab-capturing-passwords
XSS — Practitioner,Exploiting XSS to bypass CSRF defenses,🟢 FREE,Practitioner,https://portswigger.net/web-security/cross-site-scripting/exploiting/lab-perform-csrf,lab-perform-csrf
XSS — Practitioner,"Reflected XSS protected by very strict CSP, with dangling markup attack",🟢 FREE,Practitioner,https://portswigger.net/web-security/cross-site-scripting/content-security-policy/lab-very-strict-csp-with-dangling-markup-attack,lab-very-strict-csp-with-dangling-markup-attack
XSS — Expert,Reflected XSS with AngularJS sandbox escape without strings,🟢 FREE,Practitioner,https://portswigger.net/web-security/cross-site-scripting/contexts/client-side-template-injection/lab-angular-sandbox-escape-without-strings,lab-angular-sandbox-escape-without-strings
XSS — Expert,Reflected XSS with AngularJS sandbox escape and CSP,🟢 FREE,Practitioner,https://portswigger.net/web-security/cross-site-scripting/contexts/client-side-template-injection/lab-angular-sandbox-escape-and-csp,lab-angular-sandbox-escape-and-csp
XSS — Expert,Reflected XSS with event handlers and href attributes blocked,🟢 FREE,Practitioner,https://portswigger.net/web-security/cross-site-scripting/contexts/lab-event-handlers-and-href-attributes-blocked,lab-event-handlers-and-href-attributes-blocked
XSS — Expert,Reflected XSS in a JavaScript URL with some characters blocked,🟢 FREE,Practitioner,https://portswigger.net/web-security/cross-site-scripting/contexts/lab-javascript-url-some-characters-blocked,lab-javascript-url-some-characters-blocked
XSS — Expert,"Reflected XSS protected by CSP, with CSP bypass",🟢 FREE,Practitioner,https://portswigger.net/web-security/cross-site-scripting/content-security-policy/lab-csp-bypass,lab-csp-bypass
CORS,CORS vulnerability with basic origin reflection,🟢 FREE,Apprentice,https://portswigger.net/web-security/cors/lab-basic-origin-reflection-attack,lab-basic-origin-reflection-attack
CORS,CORS vulnerability with trusted null origin,🟢 FREE,Apprentice,https://portswigger.net/web-security/cors/lab-null-origin-whitelisted-attack,lab-null-origin-whitelisted-attack
CORS,CORS vulnerability with trusted insecure protocols,🟢 FREE,Practitioner,https://portswigger.net/web-security/cors/lab-breaking-https-attack,lab-breaking-https-attack
Clickjacking,Basic clickjacking with CSRF token protection,🟢 FREE,Apprentice,https://portswigger.net/web-security/clickjacking/lab-basic-csrf-protected,lab-basic-csrf-protected
Clickjacking,Clickjacking with form input data prefilled from a URL parameter,🟢 FREE,Apprentice,https://portswigger.net/web-security/clickjacking/lab-prefilled-form-input,lab-prefilled-form-input
Clickjacking,Clickjacking with a frame buster script,🟢 FREE,Apprentice,https://portswigger.net/web-security/clickjacking/lab-frame-buster-script,lab-frame-buster-script
Clickjacking,Exploiting clickjacking vulnerability to trigger DOM-based XSS,🟢 FREE,Practitioner,https://portswigger.net/web-security/clickjacking/lab-exploiting-to-trigger-dom-based-xss,lab-exploiting-to-trigger-dom-based-xss
Clickjacking,Multistep clickjacking,🟢 FREE,Practitioner,https://portswigger.net/web-security/clickjacking/lab-multistep,lab-multistep
DOM-based Vulnerabilities,DOM XSS using web messages,🟢 FREE,Practitioner,https://portswigger.net/web-security/dom-based/controlling-the-web-message-source/lab-dom-xss-using-web-messages,lab-dom-xss-using-web-messages
DOM-based Vulnerabilities,DOM XSS using web messages and a JavaScript URL,🟢 FREE,Practitioner,https://portswigger.net/web-security/dom-based/controlling-the-web-message-source/lab-dom-xss-using-web-messages-and-a-javascript-url,lab-dom-xss-using-web-messages-and-a-javascript-url
DOM-based Vulnerabilities,DOM XSS using web messages and JSON.parse,🟢 FREE,Practitioner,https://portswigger.net/web-security/dom-based/controlling-the-web-message-source/lab-dom-xss-using-web-messages-and-json-parse,lab-dom-xss-using-web-messages-and-json-parse
DOM-based Vulnerabilities,DOM-based open redirection,🟢 FREE,Practitioner,https://portswigger.net/web-security/dom-based/open-redirection/lab-dom-open-redirection,lab-dom-open-redirection
DOM-based Vulnerabilities,DOM-based cookie manipulation,🟢 FREE,Practitioner,https://portswigger.net/web-security/dom-based/cookie-manipulation/lab-dom-cookie-manipulation,lab-dom-cookie-manipulation
DOM-based Vulnerabilities,Exploiting DOM clobbering to enable XSS,🟢 FREE,Expert,https://portswigger.net/web-security/dom-based/dom-clobbering/lab-dom-xss-exploiting-dom-clobbering,lab-dom-xss-exploiting-dom-clobbering
DOM-based Vulnerabilities,Clobbering DOM attributes to bypass HTML filters,🟢 FREE,Expert,https://portswigger.net/web-security/dom-based/dom-clobbering/lab-dom-clobbering-attributes-to-bypass-html-filters,lab-dom-clobbering-attributes-to-bypass-html-filters
WebSockets,Manipulating WebSocket messages to exploit vulnerabilities,🟢 FREE,Apprentice,https://portswigger.net/web-security/websockets/lab-manipulating-messages-to-exploit-vulnerabilities,lab-manipulating-messages-to-exploit-vulnerabilities
WebSockets,Cross-site WebSocket hijacking,🟢 FREE,Practitioner,https://portswigger.net/web-security/websockets/cross-site-websocket-hijacking/lab,lab
WebSockets,Manipulating the WebSocket handshake to exploit vulnerabilities,🟢 FREE,Practitioner,https://portswigger.net/web-security/websockets/lab-manipulating-handshake-to-exploit-vulnerabilities,lab-manipulating-handshake-to-exploit-vulnerabilities
JWT,JWT authentication bypass via unverified signature,🟢 FREE,Apprentice,https://portswigger.net/web-security/jwt/lab-jwt-authentication-bypass-via-unverified-signature,lab-jwt-authentication-bypass-via-unverified-signature
JWT,JWT authentication bypass via flawed signature verification,🟢 FREE,Apprentice,https://portswigger.net/web-security/jwt/lab-jwt-authentication-bypass-via-flawed-signature-verification,lab-jwt-authentication-bypass-via-flawed-signature-verification
JWT,JWT authentication bypass via weak signing key,🟢 FREE,Practitioner,https://portswigger.net/web-security/jwt/lab-jwt-authentication-bypass-via-weak-signing-key,lab-jwt-authentication-bypass-via-weak-signing-key
JWT,JWT authentication bypass via jwk header injection,🟢 FREE,Practitioner,https://portswigger.net/web-security/jwt/lab-jwt-authentication-bypass-via-jwk-header-injection,lab-jwt-authentication-bypass-via-jwk-header-injection
JWT,JWT authentication bypass via jku header injection,🟢 FREE,Practitioner,https://portswigger.net/web-security/jwt/lab-jwt-authentication-bypass-via-jku-header-injection,lab-jwt-authentication-bypass-via-jku-header-injection
JWT,JWT authentication bypass via kid header path traversal,🟢 FREE,Practitioner,https://portswigger.net/web-security/jwt/lab-jwt-authentication-bypass-via-kid-header-path-traversal,lab-jwt-authentication-bypass-via-kid-header-path-traversal
JWT,JWT authentication bypass via algorithm confusion,🟢 FREE,Expert,https://portswigger.net/web-security/jwt/algorithm-confusion/lab-jwt-authentication-bypass-via-algorithm-confusion,lab-jwt-authentication-bypass-via-algorithm-confusion
JWT,JWT authentication bypass via algorithm confusion with no exposed key,🟢 FREE,Expert,https://portswigger.net/web-security/jwt/algorithm-confusion/lab-jwt-authentication-bypass-via-algorithm-confusion-with-no-exposed-key,lab-jwt-authentication-bypass-via-algorithm-confusion-with-no-exposed-key
OAuth Authentication,Authentication bypass via OAuth implicit flow,🟢 FREE,Apprentice,https://portswigger.net/web-security/oauth/lab-oauth-authentication-bypass-via-oauth-implicit-flow,lab-oauth-authentication-bypass-via-oauth-implicit-flow
OAuth Authentication,SSRF via OpenID dynamic client registration,🟢 FREE,Practitioner,https://portswigger.net/web-security/oauth/openid/lab-oauth-ssrf-via-openid-dynamic-client-registration,lab-oauth-ssrf-via-openid-dynamic-client-registration
OAuth Authentication,Forced OAuth profile linking,🟢 FREE,Practitioner,https://portswigger.net/web-security/oauth/lab-oauth-forced-oauth-profile-linking,lab-oauth-forced-oauth-profile-linking
OAuth Authentication,OAuth account hijacking via redirect_uri,🟢 FREE,Practitioner,https://portswigger.net/web-security/oauth/lab-oauth-account-hijacking-via-redirect-uri,lab-oauth-account-hijacking-via-redirect-uri
OAuth Authentication,Stealing OAuth access tokens via an open redirect,🟢 FREE,Practitioner,https://portswigger.net/web-security/oauth/lab-oauth-stealing-oauth-access-tokens-via-an-open-redirect,lab-oauth-stealing-oauth-access-tokens-via-an-open-redirect
OAuth Authentication,Stealing OAuth access tokens via a proxy page,🟢 FREE,Expert,https://portswigger.net/web-security/oauth/lab-oauth-stealing-oauth-access-tokens-via-a-proxy-page,lab-oauth-stealing-oauth-access-tokens-via-a-proxy-page
Server-Side Template Injection / SSTI,Basic server-side template injection,🟢 FREE,Practitioner,https://portswigger.net/web-security/server-side-template-injection/exploiting/lab-server-side-template-injection-basic,lab-server-side-template-injection-basic
Server-Side Template Injection / SSTI,Basic server-side template injection (code context),🟢 FREE,Practitioner,https://portswigger.net/web-security/server-side-template-injection/exploiting/lab-server-side-template-injection-basic-code-context,lab-server-side-template-injection-basic-code-context
Server-Side Template Injection / SSTI,Server-side template injection using documentation,🟢 FREE,Practitioner,https://portswigger.net/web-security/server-side-template-injection/exploiting/lab-server-side-template-injection-using-documentation,lab-server-side-template-injection-using-documentation
Server-Side Template Injection / SSTI,Server-side template injection in an unknown language with a documented exploit,🟢 FREE,Practitioner,https://portswigger.net/web-security/server-side-template-injection/exploiting/lab-server-side-template-injection-in-an-unknown-language-with-a-documented-exploit,lab-server-side-template-injection-in-an-unknown-language-with-a-documented-exploit
Server-Side Template Injection / SSTI,Server-side template injection with information disclosure via user-supplied objects,🟢 FREE,Practitioner,https://portswigger.net/web-security/server-side-template-injection/exploiting/lab-server-side-template-injection-with-information-disclosure-via-user-supplied-objects,lab-server-side-template-injection-with-information-disclosure-via-user-supplied-objects
Server-Side Template Injection / SSTI,Server-side template injection in a sandboxed environment,🟢 FREE,Expert,https://portswigger.net/web-security/server-side-template-injection/exploiting/lab-server-side-template-injection-in-a-sandboxed-environment,lab-server-side-template-injection-in-a-sandboxed-environment
Server-Side Template Injection / SSTI,Server-side template injection with a custom exploit,🟢 FREE,Expert,https://portswigger.net/web-security/server-side-template-injection/exploiting/lab-server-side-template-injection-with-a-custom-exploit,lab-server-side-template-injection-with-a-custom-exploit
Insecure Deserialization,Modifying serialized objects,🟢 FREE,Apprentice,https://portswigger.net/web-security/deserialization/exploiting/lab-deserialization-modifying-serialized-objects,lab-deserialization-modifying-serialized-objects
Insecure Deserialization,Modifying serialized data types,🟢 FREE,Practitioner,https://portswigger.net/web-security/deserialization/exploiting/lab-deserialization-modifying-serialized-data-types,lab-deserialization-modifying-serialized-data-types
Insecure Deserialization,Using application functionality to exploit insecure deserialization,🟢 FREE,Practitioner,https://portswigger.net/web-security/deserialization/exploiting/lab-deserialization-using-application-functionality-to-exploit-insecure-deserialization,lab-deserialization-using-application-functionality-to-exploit-insecure-deserialization
Insecure Deserialization,Arbitrary object injection in PHP,🟢 FREE,Practitioner,https://portswigger.net/web-security/deserialization/exploiting/lab-deserialization-arbitrary-object-injection-in-php,lab-deserialization-arbitrary-object-injection-in-php
Insecure Deserialization,Exploiting Java deserialization with Apache Commons,🟢 FREE,Practitioner,https://portswigger.net/web-security/deserialization/exploiting/lab-deserialization-exploiting-java-deserialization-with-apache-commons,lab-deserialization-exploiting-java-deserialization-with-apache-commons
Insecure Deserialization,Exploiting PHP deserialization with a pre-built gadget chain,🟢 FREE,Practitioner,https://portswigger.net/web-security/deserialization/exploiting/lab-deserialization-exploiting-php-deserialization-with-a-pre-built-gadget-chain,lab-deserialization-exploiting-php-deserialization-with-a-pre-built-gadget-chain
Insecure Deserialization,Exploiting Ruby deserialization using a documented gadget chain,🟢 FREE,Practitioner,https://portswigger.net/web-security/deserialization/exploiting/lab-deserialization-exploiting-ruby-deserialization-using-a-documented-gadget-chain,lab-deserialization-exploiting-ruby-deserialization-using-a-documented-gadget-chain
Insecure Deserialization,Developing a custom gadget chain for Java deserialization,🟢 FREE,Expert,https://portswigger.net/web-security/deserialization/exploiting/lab-deserialization-developing-a-custom-gadget-chain-for-java-deserialization,lab-deserialization-developing-a-custom-gadget-chain-for-java-deserialization
Insecure Deserialization,Developing a custom gadget chain for PHP deserialization,🟢 FREE,Expert,https://portswigger.net/web-security/deserialization/exploiting/lab-deserialization-developing-a-custom-gadget-chain-for-php-deserialization,lab-deserialization-developing-a-custom-gadget-chain-for-php-deserialization
Insecure Deserialization,Using PHAR deserialization to deploy a custom gadget chain,🟢 FREE,Expert,https://portswigger.net/web-security/deserialization/exploiting/lab-deserialization-using-phar-deserialization-to-deploy-a-custom-gadget-chain,lab-deserialization-using-phar-deserialization-to-deploy-a-custom-gadget-chain
Race Conditions,Limit overrun race conditions,🟢 FREE,Apprentice,https://portswigger.net/web-security/race-conditions/lab-race-conditions-limit-overrun,lab-race-conditions-limit-overrun
Race Conditions,Bypassing rate limits via race conditions,🟢 FREE,Practitioner,https://portswigger.net/web-security/race-conditions/lab-race-conditions-bypassing-rate-limits,lab-race-conditions-bypassing-rate-limits
Race Conditions,Multi-endpoint race conditions,🟢 FREE,Practitioner,https://portswigger.net/web-security/race-conditions/lab-race-conditions-multi-endpoint,lab-race-conditions-multi-endpoint
Race Conditions,Single-endpoint race conditions,🟢 FREE,Practitioner,https://portswigger.net/web-security/race-conditions/lab-race-conditions-single-endpoint,lab-race-conditions-single-endpoint
Race Conditions,Exploiting time-sensitive vulnerabilities,🟢 FREE,Practitioner,https://portswigger.net/web-security/race-conditions/lab-race-conditions-exploiting-time-sensitive-vulnerabilities,lab-race-conditions-exploiting-time-sensitive-vulnerabilities
Race Conditions,Partial construction race conditions,🟢 FREE,Expert,https://portswigger.net/web-security/race-conditions/lab-race-conditions-partial-construction,lab-race-conditions-partial-construction
NoSQL Injection,Detecting NoSQL injection,🟢 FREE,Apprentice,https://portswigger.net/web-security/nosql-injection/lab-nosql-injection-detection,lab-nosql-injection-detection
NoSQL Injection,Exploiting NoSQL operator injection to bypass authentication,🟢 FREE,Apprentice,https://portswigger.net/web-security/nosql-injection/lab-nosql-injection-bypass-authentication,lab-nosql-injection-bypass-authentication
NoSQL Injection,Exploiting NoSQL injection to extract data,🟢 FREE,Practitioner,https://portswigger.net/web-security/nosql-injection/lab-nosql-injection-extract-data,lab-nosql-injection-extract-data
NoSQL Injection,Exploiting NoSQL operator injection to extract unknown fields,🟢 FREE,Practitioner,https://portswigger.net/web-security/nosql-injection/lab-nosql-injection-extract-unknown-fields,lab-nosql-injection-extract-unknown-fields
API Testing,Exploiting an API endpoint using documentation,🟢 FREE,Apprentice,https://portswigger.net/web-security/api-testing/lab-exploiting-api-endpoint-using-documentation,lab-exploiting-api-endpoint-using-documentation
API Testing,Exploiting server-side parameter pollution in a query string,🟢 FREE,Practitioner,https://portswigger.net/web-security/api-testing/server-side-parameter-pollution/lab-exploiting-server-side-parameter-pollution-in-query-string,lab-exploiting-server-side-parameter-pollution-in-query-string
API Testing,Finding and exploiting an unused API endpoint,🟢 FREE,Practitioner,https://portswigger.net/web-security/api-testing/lab-exploiting-unused-api-endpoint,lab-exploiting-unused-api-endpoint
API Testing,Exploiting a mass assignment vulnerability,🟢 FREE,Practitioner,https://portswigger.net/web-security/api-testing/lab-exploiting-mass-assignment-vulnerability,lab-exploiting-mass-assignment-vulnerability
API Testing,Exploiting server-side parameter pollution in a REST URL,🟢 FREE,Expert,https://portswigger.net/web-security/api-testing/server-side-parameter-pollution/lab-exploiting-server-side-parameter-pollution-in-rest-url,lab-exploiting-server-side-parameter-pollution-in-rest-url
GraphQL API Vulnerabilities,Accessing private GraphQL posts,🟢 FREE,Apprentice,https://portswigger.net/web-security/graphql/lab-graphql-reading-private-posts,lab-graphql-reading-private-posts
GraphQL API Vulnerabilities,Accidental exposure of private GraphQL fields,🟢 FREE,Practitioner,https://portswigger.net/web-security/graphql/lab-graphql-accidental-field-exposure,lab-graphql-accidental-field-exposure
GraphQL API Vulnerabilities,Finding a hidden GraphQL endpoint,🟢 FREE,Practitioner,https://portswigger.net/web-security/graphql/lab-graphql-find-the-endpoint,lab-graphql-find-the-endpoint
GraphQL API Vulnerabilities,Bypassing GraphQL brute force protections,🟢 FREE,Practitioner,https://portswigger.net/web-security/graphql/lab-graphql-brute-force-protection-bypass,lab-graphql-brute-force-protection-bypass
GraphQL API Vulnerabilities,Performing CSRF exploits over GraphQL,🟢 FREE,Practitioner,https://portswigger.net/web-security/graphql/lab-graphql-csrf-via-graphql-api,lab-graphql-csrf-via-graphql-api
Web LLM Attacks,Exploiting LLM APIs with excessive agency,🟢 FREE,Apprentice,https://portswigger.net/web-security/llm-attacks/lab-exploiting-llm-apis-with-excessive-agency,lab-exploiting-llm-apis-with-excessive-agency
Web LLM Attacks,Exploiting vulnerabilities in LLM APIs,🟢 FREE,Practitioner,https://portswigger.net/web-security/llm-attacks/lab-exploiting-vulnerabilities-in-llm-apis,lab-exploiting-vulnerabilities-in-llm-apis
Web LLM Attacks,Indirect prompt injection,🟢 FREE,Practitioner,https://portswigger.net/web-security/llm-attacks/lab-indirect-prompt-injection,lab-indirect-prompt-injection
Web LLM Attacks,Exploiting insecure output handling in LLMs,🟢 FREE,Expert,https://portswigger.net/web-security/llm-attacks/lab-exploiting-insecure-output-handling-in-llms,lab-exploiting-insecure-output-handling-in-llms
Web LLM Attacks,Exploiting AI agents to perform destructive actions,🟢 FREE,Apprentice,https://portswigger.net/web-security/llm-attacks/ai-powered-scanner-vulnerabilities/lab-indirect-prompt-injection-via-ai-powered-scan,lab-indirect-prompt-injection-via-ai-powered-scan
Web LLM Attacks,Exploiting AI agents to exfiltrate sensitive information,🟢 FREE,Apprentice,https://portswigger.net/web-security/llm-attacks/ai-powered-scanner-vulnerabilities/lab-sensitive-information-exfiltration,lab-sensitive-information-exfiltration
Web LLM Attacks,Exploiting AI agents to trigger secondary vulnerabilities,🟢 FREE,Practitioner,https://portswigger.net/web-security/llm-attacks/ai-powered-scanner-vulnerabilities/lab-exploiting-target-website-vulnerabilities-to-bypass-restrictions,lab-exploiting-target-website-vulnerabilities-to-bypass-restrictions
Web LLM Attacks,Bypassing AI scanner defenses to exfiltrate sensitive information,🟢 FREE,Practitioner,https://portswigger.net/web-security/llm-attacks/ai-powered-scanner-vulnerabilities/lab-bypassing-ai-scanner-defenses-to-exfiltrate-sensitive-information,lab-bypassing-ai-scanner-defenses-to-exfiltrate-sensitive-information
Essential Skills,Discovering vulnerabilities quickly with targeted scanning,🟢 FREE,Practitioner,https://portswigger.net/web-security/essential-skills/using-burp-scanner-during-manual-testing/lab-discovering-vulnerabilities-quickly-with-targeted-scanning,lab-discovering-vulnerabilities-quickly-with-targeted-scanning
Essential Skills,Scanning non-standard data structures,🟢 FREE,Practitioner,https://portswigger.net/web-security/essential-skills/using-burp-scanner-during-manual-testing/lab-scanning-non-standard-data-structures,lab-scanning-non-standard-data-structures
Web Cache Poisoning,Web cache poisoning with an unkeyed header,🟢 FREE,Practitioner,https://portswigger.net/web-security/web-cache-poisoning/exploiting-design-flaws/lab-web-cache-poisoning-with-an-unkeyed-header,lab-web-cache-poisoning-with-an-unkeyed-header
Web Cache Poisoning,Web cache poisoning with an unkeyed cookie,🟢 FREE,Practitioner,https://portswigger.net/web-security/web-cache-poisoning/exploiting-design-flaws/lab-web-cache-poisoning-with-an-unkeyed-cookie,lab-web-cache-poisoning-with-an-unkeyed-cookie
Web Cache Poisoning,Web cache poisoning with multiple headers,🟢 FREE,Practitioner,https://portswigger.net/web-security/web-cache-poisoning/exploiting-design-flaws/lab-web-cache-poisoning-with-multiple-headers,lab-web-cache-poisoning-with-multiple-headers
Web Cache Poisoning,Targeted web cache poisoning using an unknown header,🟢 FREE,Practitioner,https://portswigger.net/web-security/web-cache-poisoning/exploiting-design-flaws/lab-web-cache-poisoning-targeted-using-an-unknown-header,lab-web-cache-poisoning-targeted-using-an-unknown-header
Web Cache Poisoning,Web cache poisoning via an unkeyed query string,🟢 FREE,Practitioner,https://portswigger.net/web-security/web-cache-poisoning/exploiting-implementation-flaws/lab-web-cache-poisoning-unkeyed-query,lab-web-cache-poisoning-unkeyed-query
Web Cache Poisoning,Web cache poisoning via an unkeyed query parameter,🟢 FREE,Practitioner,https://portswigger.net/web-security/web-cache-poisoning/exploiting-implementation-flaws/lab-web-cache-poisoning-unkeyed-param,lab-web-cache-poisoning-unkeyed-param
Web Cache Poisoning,Parameter cloaking,🟢 FREE,Practitioner,https://portswigger.net/web-security/web-cache-poisoning/exploiting-implementation-flaws/lab-web-cache-poisoning-param-cloaking,lab-web-cache-poisoning-param-cloaking
Web Cache Poisoning,Web cache poisoning via a fat GET request,🟢 FREE,Practitioner,https://portswigger.net/web-security/web-cache-poisoning/exploiting-implementation-flaws/lab-web-cache-poisoning-fat-get,lab-web-cache-poisoning-fat-get
Web Cache Poisoning,URL normalization,🟢 FREE,Practitioner,https://portswigger.net/web-security/web-cache-poisoning/exploiting-implementation-flaws/lab-web-cache-poisoning-normalization,lab-web-cache-poisoning-normalization
Web Cache Poisoning,Web cache poisoning to exploit a DOM vulnerability via a cache with strict cacheability criteria,🟢 FREE,Expert,https://portswigger.net/web-security/web-cache-poisoning/exploiting-design-flaws/lab-web-cache-poisoning-to-exploit-a-dom-vulnerability-via-a-cache-with-strict-cacheability-criteria,lab-web-cache-poisoning-to-exploit-a-dom-vulnerability-via-a-cache-with-strict-cacheability-criteria
Web Cache Poisoning,Combining web cache poisoning vulnerabilities,🟢 FREE,Expert,https://portswigger.net/web-security/web-cache-poisoning/exploiting-design-flaws/lab-web-cache-poisoning-combining-vulnerabilities,lab-web-cache-poisoning-combining-vulnerabilities
Web Cache Poisoning,Cache key injection,🟢 FREE,Expert,https://portswigger.net/web-security/web-cache-poisoning/exploiting-implementation-flaws/lab-web-cache-poisoning-cache-key-injection,lab-web-cache-poisoning-cache-key-injection
Web Cache Poisoning,Internal cache poisoning,🟢 FREE,Expert,https://portswigger.net/web-security/web-cache-poisoning/exploiting-implementation-flaws/lab-web-cache-poisoning-internal,lab-web-cache-poisoning-internal
Web Cache Deception,Exploiting path mapping for web cache deception,🟢 FREE,Apprentice,https://portswigger.net/web-security/web-cache-deception/lab-wcd-exploiting-path-mapping,lab-wcd-exploiting-path-mapping
Web Cache Deception,Exploiting path delimiters for web cache deception,🟢 FREE,Practitioner,https://portswigger.net/web-security/web-cache-deception/lab-wcd-exploiting-path-delimiters,lab-wcd-exploiting-path-delimiters
Web Cache Deception,Exploiting origin server normalization for web cache deception,🟢 FREE,Practitioner,https://portswigger.net/web-security/web-cache-deception/lab-wcd-exploiting-origin-server-normalization,lab-wcd-exploiting-origin-server-normalization
Web Cache Deception,Exploiting cache server normalization for web cache deception,🟢 FREE,Practitioner,https://portswigger.net/web-security/web-cache-deception/lab-wcd-exploiting-cache-server-normalization,lab-wcd-exploiting-cache-server-normalization
Web Cache Deception,Exploiting exact-match cache rules for web cache deception,🟢 FREE,Expert,https://portswigger.net/web-security/web-cache-deception/lab-wcd-exploiting-exact-match-cache-rules,lab-wcd-exploiting-exact-match-cache-rules
HTTP Host Header Attacks,Basic password reset poisoning,🟢 FREE,Apprentice,https://portswigger.net/web-security/host-header/exploiting/password-reset-poisoning/lab-host-header-basic-password-reset-poisoning,lab-host-header-basic-password-reset-poisoning
HTTP Host Header Attacks,Host header authentication bypass,🟢 FREE,Apprentice,https://portswigger.net/web-security/host-header/exploiting/lab-host-header-authentication-bypass,lab-host-header-authentication-bypass
HTTP Host Header Attacks,Web cache poisoning via ambiguous requests,🟢 FREE,Practitioner,https://portswigger.net/web-security/host-header/exploiting/lab-host-header-web-cache-poisoning-via-ambiguous-requests,lab-host-header-web-cache-poisoning-via-ambiguous-requests
HTTP Host Header Attacks,Routing-based SSRF,🟢 FREE,Practitioner,https://portswigger.net/web-security/host-header/exploiting/lab-host-header-routing-based-ssrf,lab-host-header-routing-based-ssrf
HTTP Host Header Attacks,SSRF via flawed request parsing,🟢 FREE,Practitioner,https://portswigger.net/web-security/host-header/exploiting/lab-host-header-ssrf-via-flawed-request-parsing,lab-host-header-ssrf-via-flawed-request-parsing
HTTP Host Header Attacks,Host validation bypass via connection state attack,🟢 FREE,Practitioner,https://portswigger.net/web-security/host-header/exploiting/lab-host-header-host-validation-bypass-via-connection-state-attack,lab-host-header-host-validation-bypass-via-connection-state-attack
HTTP Host Header Attacks,Password reset poisoning via dangling markup,🟢 FREE,Expert,https://portswigger.net/web-security/host-header/exploiting/password-reset-poisoning/lab-host-header-password-reset-poisoning-via-dangling-markup,lab-host-header-password-reset-poisoning-via-dangling-markup
HTTP Request Smuggling,"HTTP request smuggling, basic CL.TE vulnerability",🟢 FREE,Practitioner,https://portswigger.net/web-security/request-smuggling/lab-basic-cl-te,lab-basic-cl-te
HTTP Request Smuggling,"HTTP request smuggling, basic TE.CL vulnerability",🟢 FREE,Practitioner,https://portswigger.net/web-security/request-smuggling/lab-basic-te-cl,lab-basic-te-cl
HTTP Request Smuggling,"HTTP request smuggling, obfuscating the TE header",🟢 FREE,Practitioner,https://portswigger.net/web-security/request-smuggling/lab-obfuscating-te-header,lab-obfuscating-te-header
HTTP Request Smuggling,"HTTP request smuggling, confirming a CL.TE vulnerability via differential responses",🟢 FREE,Practitioner,https://portswigger.net/web-security/request-smuggling/finding/lab-confirming-cl-te-via-differential-responses,lab-confirming-cl-te-via-differential-responses
HTTP Request Smuggling,"HTTP request smuggling, confirming a TE.CL vulnerability via differential responses",🟢 FREE,Practitioner,https://portswigger.net/web-security/request-smuggling/finding/lab-confirming-te-cl-via-differential-responses,lab-confirming-te-cl-via-differential-responses
HTTP Request Smuggling,"Exploiting HTTP request smuggling to bypass front-end security controls, CL.TE vulnerability",🟢 FREE,Practitioner,https://portswigger.net/web-security/request-smuggling/exploiting/lab-bypass-front-end-controls-cl-te,lab-bypass-front-end-controls-cl-te
HTTP Request Smuggling,"Exploiting HTTP request smuggling to bypass front-end security controls, TE.CL vulnerability",🟢 FREE,Practitioner,https://portswigger.net/web-security/request-smuggling/exploiting/lab-bypass-front-end-controls-te-cl,lab-bypass-front-end-controls-te-cl
HTTP Request Smuggling,Exploiting HTTP request smuggling to reveal front-end request rewriting,🟢 FREE,Practitioner,https://portswigger.net/web-security/request-smuggling/exploiting/lab-reveal-front-end-request-rewriting,lab-reveal-front-end-request-rewriting
HTTP Request Smuggling,Exploiting HTTP request smuggling to capture other users' requests,🟢 FREE,Practitioner,https://portswigger.net/web-security/request-smuggling/exploiting/lab-capture-other-users-requests,lab-capture-other-users-requests
HTTP Request Smuggling,Exploiting HTTP request smuggling to deliver reflected XSS,🟢 FREE,Practitioner,https://portswigger.net/web-security/request-smuggling/exploiting/lab-deliver-reflected-xss,lab-deliver-reflected-xss
HTTP Request Smuggling,Response queue poisoning via H2.TE request smuggling,🟢 FREE,Practitioner,https://portswigger.net/web-security/request-smuggling/advanced/response-queue-poisoning/lab-request-smuggling-h2-response-queue-poisoning-via-te-request-smuggling,lab-request-smuggling-h2-response-queue-poisoning-via-te-request-smuggling
HTTP Request Smuggling,H2.CL request smuggling,🟢 FREE,Practitioner,https://portswigger.net/web-security/request-smuggling/advanced/lab-request-smuggling-h2-cl-request-smuggling,lab-request-smuggling-h2-cl-request-smuggling
HTTP Request Smuggling,HTTP/2 request smuggling via CRLF injection,🟢 FREE,Practitioner,https://portswigger.net/web-security/request-smuggling/advanced/lab-request-smuggling-h2-request-smuggling-via-crlf-injection,lab-request-smuggling-h2-request-smuggling-via-crlf-injection
HTTP Request Smuggling,HTTP/2 request splitting via CRLF injection,🟢 FREE,Practitioner,https://portswigger.net/web-security/request-smuggling/advanced/lab-request-smuggling-h2-request-splitting-via-crlf-injection,lab-request-smuggling-h2-request-splitting-via-crlf-injection
HTTP Request Smuggling,CL.0 request smuggling,🟢 FREE,Practitioner,https://portswigger.net/web-security/request-smuggling/browser/cl-0/lab-cl-0-request-smuggling,lab-cl-0-request-smuggling
HTTP Request Smuggling,0.CL request smuggling,🟢 FREE,Expert,https://portswigger.net/web-security/request-smuggling/advanced/lab-request-smuggling-0cl-request-smuggling,lab-request-smuggling-0cl-request-smuggling
HTTP Request Smuggling,Exploiting HTTP request smuggling to perform web cache poisoning,🟢 FREE,Expert,https://portswigger.net/web-security/request-smuggling/exploiting/lab-perform-web-cache-poisoning,lab-perform-web-cache-poisoning
HTTP Request Smuggling,Exploiting HTTP request smuggling to perform web cache deception,🟢 FREE,Expert,https://portswigger.net/web-security/request-smuggling/exploiting/lab-perform-web-cache-deception,lab-perform-web-cache-deception
HTTP Request Smuggling,Bypassing access controls via HTTP/2 request tunnelling,🟢 FREE,Expert,https://portswigger.net/web-security/request-smuggling/advanced/request-tunnelling/lab-request-smuggling-h2-bypass-access-controls-via-request-tunnelling,lab-request-smuggling-h2-bypass-access-controls-via-request-tunnelling
HTTP Request Smuggling,Web cache poisoning via HTTP/2 request tunnelling,🟢 FREE,Expert,https://portswigger.net/web-security/request-smuggling/advanced/request-tunnelling/lab-request-smuggling-h2-web-cache-poisoning-via-request-tunnelling,lab-request-smuggling-h2-web-cache-poisoning-via-request-tunnelling
HTTP Request Smuggling,Client-side desync,🟢 FREE,Expert,https://portswigger.net/web-security/request-smuggling/browser/client-side-desync/lab-client-side-desync,lab-client-side-desync
HTTP Request Smuggling,Server-side pause-based request smuggling,🟢 FREE,Expert,https://portswigger.net/web-security/request-smuggling/browser/pause-based-desync/lab-server-side-pause-based-request-smuggling,lab-server-side-pause-based-request-smuggling
Prototype Pollution,Client-side prototype pollution via browser APIs,🟢 FREE,Practitioner,https://portswigger.net/web-security/prototype-pollution/client-side/browser-apis/lab-prototype-pollution-client-side-prototype-pollution-via-browser-apis,lab-prototype-pollution-client-side-prototype-pollution-via-browser-apis
Prototype Pollution,DOM XSS via client-side prototype pollution,🟢 FREE,Practitioner,https://portswigger.net/web-security/prototype-pollution/client-side/lab-prototype-pollution-dom-xss-via-client-side-prototype-pollution,lab-prototype-pollution-dom-xss-via-client-side-prototype-pollution
Prototype Pollution,DOM XSS via an alternative prototype pollution vector,🟢 FREE,Practitioner,https://portswigger.net/web-security/prototype-pollution/client-side/lab-prototype-pollution-dom-xss-via-an-alternative-prototype-pollution-vector,lab-prototype-pollution-dom-xss-via-an-alternative-prototype-pollution-vector
Prototype Pollution,Client-side prototype pollution via flawed sanitization,🟢 FREE,Practitioner,https://portswigger.net/web-security/prototype-pollution/client-side/lab-prototype-pollution-client-side-prototype-pollution-via-flawed-sanitization,lab-prototype-pollution-client-side-prototype-pollution-via-flawed-sanitization
Prototype Pollution,Client-side prototype pollution in third-party libraries,🟢 FREE,Practitioner,https://portswigger.net/web-security/prototype-pollution/client-side/lab-prototype-pollution-client-side-prototype-pollution-in-third-party-libraries,lab-prototype-pollution-client-side-prototype-pollution-in-third-party-libraries
Prototype Pollution,Privilege escalation via server-side prototype pollution,🟢 FREE,Practitioner,https://portswigger.net/web-security/prototype-pollution/server-side/lab-privilege-escalation-via-server-side-prototype-pollution,lab-privilege-escalation-via-server-side-prototype-pollution
Prototype Pollution,Detecting server-side prototype pollution without polluted property reflection,🟢 FREE,Practitioner,https://portswigger.net/web-security/prototype-pollution/server-side/lab-detecting-server-side-prototype-pollution-without-polluted-property-reflection,lab-detecting-server-side-prototype-pollution-without-polluted-property-reflection
Prototype Pollution,Bypassing flawed input filters for server-side prototype pollution,🟢 FREE,Practitioner,https://portswigger.net/web-security/prototype-pollution/server-side/lab-bypassing-flawed-input-filters-for-server-side-prototype-pollution,lab-bypassing-flawed-input-filters-for-server-side-prototype-pollution
Prototype Pollution,Remote code execution via server-side prototype pollution,🟢 FREE,Practitioner,https://portswigger.net/web-security/prototype-pollution/server-side/lab-remote-code-execution-via-server-side-prototype-pollution,lab-remote-code-execution-via-server-side-prototype-pollution
Prototype Pollution,Exfiltrating sensitive data via server-side prototype pollution,🟢 FREE,Expert,https://portswigger.net/web-security/prototype-pollution/server-side/lab-exfiltrating-sensitive-data-via-server-side-prototype-pollution,lab-exfiltrating-sensitive-data-via-server-side-prototype-pollution
